ANO;CODIGO_ORGAO_ENTIDADE;SIGLA_ORGAO_ENTIDADE;CNPJ_CPF_CONTRATADO;CONTRATADO;OBJETO;DATA_INICIO_VIGENCIA;DATA_FIM_VIGENCIA;VALOR;PROCESSO_SEI;LINK_SEI;PROCESSO_COMPRA;NUMERO_SIAFI;INTEGRA_CONTRATO;LINK_PORTAL
2020;1500;SEPLAG.;20.235.404/0001-71;DCB DISTRIBUIDORA CIRURGICA BRASILEIRA LTDA;Aquisição de Materiais Médico Hospitalares para atendimento a epidemia do COVID 19 no Estado de Minas Gerais.;20200324;20200923;27539247,17;1500.01.0014225/2020-94;https://www.sei.mg.gov.br/sei/modulos/pesquisa/md_pesq_processo_exibir.php?IC2o8Z7ACQH4LdQ4jJLJzjPBiLtP6l2FsQacllhUf-duzEubalut9yvd8-CzYYNLu7pd-wiM0k633-D6khhQNfhvdQskkAOK8KfWEQ0s5t7ghqygo8U_Ichz28fPlct3;1501561 000005/2020;9245572;https://www1.compras.mg.gov.br/contrato/gestaocontratos/arquivosContrato.html?idContrato=162367;
2020;1500;SEPLAG.;68.176.544/0001-42;KSN - PROTECAO RESPIRATORIA EIRELI;Aquisição de materiais médico hospitalares emergencial para atendimento a demanda do COVID-19, no Estado de Minas Gerais.;20200327;20200926;1497000;1500.01.0014240/2020-77;https://www.sei.mg.gov.br/sei/modulos/pesquisa/md_pesq_processo_exibir.php?IC2o8Z7ACQH4LdQ4jJLJzjPBiLtP6l2FsQacllhUf-duzEubalut9yvd8-CzYYNLu7pd-wiM0k633-D6khhQNemi44pVLcA6xlA_T2TmMxSSEWGTpsZhrQQyNf3QwUGT;1501561 000006/2020;9245606;https://www1.compras.mg.gov.br/contrato/gestaocontratos/arquivosContrato.html?idContrato=162402;
2020;1250;PMMG;05.355.135/0001-93;OFFICER INDUSTRIA QUIMICA EIRELI - EPP;Álcool em Gel para segurança dos policiais militares.;20200326;20200925;421545,6;1250.01.0001752/2020-79;https://www.sei.mg.gov.br/sei/modulos/pesquisa/md_pesq_processo_exibir.php?IC2o8Z7ACQH4LdQ4jJLJzjPBiLtP6l2FsQacllhUf-duzEubalut9yvd8-CzYYNLu7pd-wiM0k633-D6khhQNaSjzLlvT1MlZIZa_YzmFeaTovyfoKb4riPNMGEQrDUh;1259662 000008/2020;NA;NA;http://www.transparencia.mg.gov.br/compras-e-patrimonio/compras-e-contratos/comprasecontratos-procedimento/3/2020/01-01-2020/02-04-2020/1831094/0/0/10787/0/0/0/0/21584/85100242/170087/1669370/321001/1259662000008-2020
2020;1250;PMMG;26.286.203/0001-80;FRANKLIN EMBALAGENS LTDA;Frasco para acondicionamento de álcool em gel, com capacidade de 120 ml.;20200330;20200929;21600;1250.01.0001868/2020-51;https://www.sei.mg.gov.br/sei/modulos/pesquisa/md_pesq_processo_exibir.php?IC2o8Z7ACQH4LdQ4jJLJzjPBiLtP6l2FsQacllhUf-duzEubalut9yvd8-CzYYNLu7pd-wiM0k633-D6khhQNTOEwnJ88uz-zoGs7QFhMAhMfmp6a-DQ8PSaJ03L68qP;1259662 000009/2020;NA;NA;http://www.transparencia.mg.gov.br/compras-e-patrimonio/compras-e-contratos/comprasecontratos-procedimento/3/2020/01-01-2020/02-04-2020/1831094/0/0/11427/0/0/0/0/15894/36500135/91264/1114174/321248/1259662000009-2020
2020;2120;IPSM;21.559.804/0001-03;GERBRA COMERCIO EIRELI - ME;Aquisição de 300 frasco de 1 litro de álcool etílico hidratado(álcool gel) e 100 frasco de 05 litros de higienizador antisséptico de mãos.;20200318;20200318;16650;2120.01.0002380/2020-39 ;https://www.sei.mg.gov.br/sei/modulos/pesquisa/md_pesq_processo_exibir.php?IC2o8Z7ACQH4LdQ4jJLJzjPBiLtP6l2FsQacllhUf-duzEubalut9yvd8-CzYYNLu7pd-wiM0k633-D6khhQNU-bGLFMcHfylxcAnJciUWgFm2fjW-xNWqUTyFeF1e1c;2121022 000013/2020;NA;NA;http://www.transparencia.mg.gov.br/compras-e-patrimonio/compras-e-contratos/comprasecontratos-procedimento/3/2020/01-02-2020/02-04-2020/1831097/0/0/33700/0/0/0/0/21585/79300596/170097/1669486/320360/2121022000013-2020
2020;2120;IPSM;21.559.804/0001-03;GERBRA COMERCIO EIRELI - ME;Aquisição de 210 de frascos de plásticos para alocação de álcool etílico hidratado (álcool gel).;20200319;20200320;1050;2120.01.0002470/2020-34 ;https://www.sei.mg.gov.br/sei/modulos/pesquisa/md_pesq_processo_exibir.php?IC2o8Z7ACQH4LdQ4jJLJzjPBiLtP6l2FsQacllhUf-duzEubalut9yvd8-CzYYNLu7pd-wiM0k633-D6khhQNbaftZbsSfiX2ducxTUKZGMtb3vQmBzcpVhwkMOvJmDe;2121022 000017/2020;NA;NA;http://www.transparencia.mg.gov.br/compras-e-patrimonio/compras-e-contratos/comprasecontratos-procedimento/3/2020/01-02-2020/02-04-2020/1831097/0/0/33700/0/0/0/0/11790/36500798/81234/513830/320558/2121022000017-2020
2020;2120;IPSM;21.559.804/0001-03;GERBRA COMERCIO EIRELI - ME;Aquisição de 40 galões de 05 litros de sabonete líquido.;20200326;20200320;1600;2120.01.0002637/2020-84;https://www.sei.mg.gov.br/sei/modulos/pesquisa/md_pesq_processo_exibir.php?IC2o8Z7ACQH4LdQ4jJLJzjPBiLtP6l2FsQacllhUf-duzEubalut9yvd8-CzYYNLu7pd-wiM0k633-D6khhQNcB6rkIRjUz8PjAVWeiitknebRdMANcKLG3H0Jtys8jx;2121022 000020/2020;NA;NA;http://www.transparencia.mg.gov.br/compras-e-patrimonio/compras-e-contratos/comprasecontratos-procedimento/3/2020/01-02-2020/02-04-2020/1831097/0/0/33700/0/0/0/0/21741/85200085/175918/1692160/320977/2121022000020-2020
2020;1500;SEPLAG.;68.176.544/0001-42;KSN - PROTECAO RESPIRATORIA EIRELI;Mascaras N95 para atendimento a  demanda da Epidemias do COVID-19.;20200328;20200927;99800;1500.01.0014717/2020-02;https://www.sei.mg.gov.br/sei/modulos/pesquisa/md_pesq_processo_exibir.php?IC2o8Z7ACQH4LdQ4jJLJzjPBiLtP6l2FsQacllhUf-duzEubalut9yvd8-CzYYNLu7pd-wiM0k633-D6khhQNaPZt1bfW8c-PV9P4JQK8uJGv3YqMU4NVpab1tsLIdnr;1501561 000009/2020;9245644;https://www1.compras.mg.gov.br/contrato/gestaocontratos/arquivosContrato.html?idContrato=162422;
2020;1500;SEPLAG.;68.176.544/0001-42;KSN - PROTECAO RESPIRATORIA EIRELI;Aquisição de Mascaras N95 para atendimento a demanda de Pandemia do COIVD-19, no Estado de Minas Gerais.;20200328;20200927;648700;1500.01.0014880/2020-63;https://www.sei.mg.gov.br/sei/modulos/pesquisa/md_pesq_processo_exibir.php?IC2o8Z7ACQH4LdQ4jJLJzjPBiLtP6l2FsQacllhUf-duzEubalut9yvd8-CzYYNLu7pd-wiM0k633-D6khhQNWtLDCB2BRiACKkVGegn229F4sZ3Y9c9VI5OmjBC3EiM;1501561 000010/2020;9245631;https://www1.compras.mg.gov.br/contrato/gestaocontratos/arquivosContrato.html?idContrato=162436;
2020;1500;SEPLAG.;84.951.649/0001-88;JMS INDUSTRIA E COMERCIO - EIRELI ;Aquisição de TNT, para confecção de máscaras, para atendimento a demanda de pandemia do COVID-19, no Estado de Minas Gerais.;20200331;;252500;1500.01.0015098/2020-94;https://www.sei.mg.gov.br/sei/modulos/pesquisa/md_pesq_processo_exibir.php?IC2o8Z7ACQH4LdQ4jJLJzjPBiLtP6l2FsQacllhUf-duzEubalut9yvd8-CzYYNLu7pd-wiM0k633-D6khhQNZVUaOKfNegpE6rZULivzDqsXpe1-8-5vC2Wdhy0hq4S;1501561 000011/2020;NA;NA;http://www.transparencia.mg.gov.br/compras-e-patrimonio/compras-e-contratos/comprasecontratos-procedimento/3/2020/01-01-2020/14-04-2020/1831095/0/0/61932/0/0/0/0/15788/83050019/215076/1752731/321268/1501561000011-2020
2020;1500;SEPLAG.;84.951.649/0001-88;JMS INDUSTRIA E COMERCIO - EIRELI ;Aquisição de TNT (Tecido não tecido/texturizado), branco, para fabricação de máscaras cirúrgicas descartáveis.;20200331;;80800;1500.01.0016168/2020-13;https://www.sei.mg.gov.br/sei/modulos/pesquisa/md_pesq_processo_exibir.php?IC2o8Z7ACQH4LdQ4jJLJzjPBiLtP6l2FsQacllhUf-duzEubalut9yvd8-CzYYNLu7pd-wiM0k633-D6khhQNWiRF6_FSwzjRMnlEM9NiNXm-l5MrWzddF2V2gXC3Cb9;1501561 000012/2020;NA;NA;http://www.transparencia.mg.gov.br/compras-e-patrimonio/compras-e-contratos/comprasecontratos-procedimento/3/2020/01-01-2020/14-04-2020/1831079/0/0/61932/0/0/0/0/15788/83050019/215076/1752731/321355/1501561000012-2020
2020;1500;SEPLAG.;84.951.649/0001-88;JMS INDUSTRIA E COMERCIO - EIRELI ;Aquisição de TNT para atendimento a demanda de pandemia do COVID-19, no Estado de Minas Gerais.;20200409;;286167,34;1500.01.0016171/2020-29;https://www.sei.mg.gov.br/sei/modulos/pesquisa/md_pesq_processo_exibir.php?IC2o8Z7ACQH4LdQ4jJLJzjPBiLtP6l2FsQacllhUf-duzEubalut9yvd8-CzYYNLu7pd-wiM0k633-D6khhQNcaVYBqunt2k5aTQouvp-gFObNn6cJy36-Bsa9Ij5gVr;1501561 000013/2020;NA;NA;http://www.transparencia.mg.gov.br/compras-e-patrimonio/compras-e-contratos/comprasecontratos-procedimento/3/2020/01-01-2020/14-04-2020/1831017/0/0/61932/0/0/0/0/15788/83050019/215076/1752731/321345/1501561000013-2020
2020;1500;SEPLAG.;84.951.649/0001-88;JMS INDUSTRIA E COMERCIO - EIRELI ;Aquisição de TNT para atendimento a demanda de pandemia do COVID-19, no Estado de Minas Gerais;20200402;;252500;1500.01.0016170/2020-56;https://www.sei.mg.gov.br/sei/modulos/pesquisa/md_pesq_processo_exibir.php?IC2o8Z7ACQH4LdQ4jJLJzjPBiLtP6l2FsQacllhUf-duzEubalut9yvd8-CzYYNLu7pd-wiM0k633-D6khhQNVwAL_Jcg1pWb4u8HPiKB8N7JbuPq6BzBiuUi7M8uByy;1501561 000014/2020;NA;NA;http://www.transparencia.mg.gov.br/compras-e-patrimonio/compras-e-contratos/comprasecontratos-procedimento/3/2020/01-01-2020/14-04-2020/1831094/0/0/61932/0/0/0/0/15788/83050019/215076/1752731/321278/1501561000014-2020
2020;2260;FUNED;13.545.241/0001-68;SINTESE BIOTECNOLOGIA LTDA;"BASE DE OLIGONUCLEOTIDEOS - ASPECTO: PO LIOFILIZADO OU LIQUIDO; APRESENTACAO: EN NMOL OU MICROMOL; FINALIDADE: AMPLIFICACAO REGIOES ESPECIFICAS MOLECULAS DE DNA;";20200408;;3591;2260.01.0002208/2020-32;https://www.sei.mg.gov.br/sei/modulos/pesquisa/md_pesq_processo_exibir.php?IC2o8Z7ACQH4LdQ4jJLJzjPBiLtP6l2FsQacllhUf-duzEubalut9yvd8-CzYYNLu7pd-wiM0k633-D6khhQNbarB29bkQvChNEKMA_ve_9LVgt62FKlK_lSEvXOBjUC;2261032 000112/2020;NA;NA;http://www.transparencia.mg.gov.br/compras-e-patrimonio/compras-e-contratos/comprasecontratos-procedimento/3/2020/01-03-2020/16-04-2020/1831100/0/0/20981/0/0/0/0/15383/68101813/131385/394890/322101/2261032000112-2020
2020;2260;FUNED;13.545.241/0001-68;SINTESE BIOTECNOLOGIA LTDA;"BASE DE OLIGONUCLEOTIDEOS - ASPECTO: PO LIOFILIZADO OU LIQUIDO; APRESENTACAO: NANOMOL, MICROMOL OU PICOMOL DA SEQUENCIA MARCADA; FINALIDADE: PCR EM TEMPO REAL; QUENCHER 3 LINHAS;";20200408;;51300;2260.01.0002208/2020-32;https://www.sei.mg.gov.br/sei/modulos/pesquisa/md_pesq_processo_exibir.php?IC2o8Z7ACQH4LdQ4jJLJzjPBiLtP6l2FsQacllhUf-duzEubalut9yvd8-CzYYNLu7pd-wiM0k633-D6khhQNbarB29bkQvChNEKMA_ve_9LVgt62FKlK_lSEvXOBjUC;2261032 000112/2020;NA;NA;http://www.transparencia.mg.gov.br/compras-e-patrimonio/compras-e-contratos/comprasecontratos-procedimento/3/2020/01-03-2020/16-04-2020/1831100/0/0/20981/0/0/0/0/15383/68101813/153265/1497391/322101/2261032000112-2020
2020;2260;FUNED;53.276.010/0001-10;HEXIS CIENTIFICA LTDA;"TUBO PLASTICO PARA LABORATORIO - MATERIA-PRIMA: POLIPROPILENO, LIVRE DE PIROGENIO, RNASES E DNASES; MEDIDAS: -; VOLUME: 15ML, TAMPA ROSQUEAVEL;";20200415;20201011;27000;2260.01.0002208/2020-32;https://www.sei.mg.gov.br/sei/modulos/pesquisa/md_pesq_processo_exibir.php?IC2o8Z7ACQH4LdQ4jJLJzjPBiLtP6l2FsQacllhUf-duzEubalut9yvd8-CzYYNLu7pd-wiM0k633-D6khhQNbarB29bkQvChNEKMA_ve_9LVgt62FKlK_lSEvXOBjUC;2261032 000112/2020;9245762;https://www1.compras.mg.gov.br/contrato/gestaocontratos/arquivosContrato.html?idContrato=162595;
2020;2260;FUNED;02.661.790/0001-81;SARSTEDT LTDA;"TUBO PLASTICO PARA LABORATORIO - MATERIA-PRIMA: POLIPROPILENO, LIVRE DE PIROGENIO, RNASES E DNASES; MEDIDAS: -; VOLUME: 15ML, TAMPA ROSQUEAVEL;";20200415;20201011;32400;2260.01.0002208/2020-32;https://www.sei.mg.gov.br/sei/modulos/pesquisa/md_pesq_processo_exibir.php?IC2o8Z7ACQH4LdQ4jJLJzjPBiLtP6l2FsQacllhUf-duzEubalut9yvd8-CzYYNLu7pd-wiM0k633-D6khhQNbarB29bkQvChNEKMA_ve_9LVgt62FKlK_lSEvXOBjUC;2261032 000112/2020;9245763;https://www1.compras.mg.gov.br/contrato/gestaocontratos/arquivosContrato.html?idContrato=162596#1;
2020;2260;FUNED;02.661.790/0001-81;SARSTEDT LTDA;"TUBO CRIOGENICO - MATERIA-PRIMA: POLIPROPILENO, TEMPERATURA - 196 A + 121 ºC; TIPO: TAMPA ROSQUEAVEL, ANEL SILICONE, GRADUADO, C/BASE; CAPACIDADE: 2,0 ML;";20200415;20201011;16500;2260.01.0002208/2020-32;https://www.sei.mg.gov.br/sei/modulos/pesquisa/md_pesq_processo_exibir.php?IC2o8Z7ACQH4LdQ4jJLJzjPBiLtP6l2FsQacllhUf-duzEubalut9yvd8-CzYYNLu7pd-wiM0k633-D6khhQNbarB29bkQvChNEKMA_ve_9LVgt62FKlK_lSEvXOBjUC;2261032 000112/2020;9245763;https://www1.compras.mg.gov.br/contrato/gestaocontratos/arquivosContrato.html?idContrato=162596;
2020;2260;FUNED;06.003.551/0001-95;QUALIVIDROS DISTRIBUIDORA LTDA;"LAMINA DE BISTURI DESCARTAVEL MATERIA-PRIMA: ACO INOXIDAVEL ESTERIL; NUMERO: 20; EMBALAGEM: INDIVIDUAL, ESTERIL E COM ABERTURA EM PETALA";20200408;;698;2260.01.0002208/2020-32;https://www.sei.mg.gov.br/sei/modulos/pesquisa/md_pesq_processo_exibir.php?IC2o8Z7ACQH4LdQ4jJLJzjPBiLtP6l2FsQacllhUf-duzEubalut9yvd8-CzYYNLu7pd-wiM0k633-D6khhQNbarB29bkQvChNEKMA_ve_9LVgt62FKlK_lSEvXOBjUC;2261032 000112/2020;NA;NA;http://www.transparencia.mg.gov.br/compras-e-patrimonio/compras-e-contratos/comprasecontratos-procedimento/3/2020/01-03-2020/16-04-2020/1831100/0/0/18842/0/0/0/0/18494/68107757/179814/1697730/322101/2261032000112-2020
2020;2260;FUNED;63.067.904/0005-88;LIFE TECHNOLOGIES BRASIL COMERCIO E INDUSTRIA DE PRODUTOS PARA BIOTECNOLOGIA LTDA;"MEIO MEM EARLE - ASPECTO: PO; COMPOSICAO: COM SAIS DE EARLE E L-GLUTAMINA SEM BICABORNATO DE SODIO; SOLUBILIDADE: APROX.9,6G DE PO P/LITRO DE MEIO (PREPARA 1 LITRO); FINALIDADE: CULTIVO CELULAR; APRESENTACAO: UNIDADE;";20200408;;1675,6;2260.01.0002208/2020-32;https://www.sei.mg.gov.br/sei/modulos/pesquisa/md_pesq_processo_exibir.php?IC2o8Z7ACQH4LdQ4jJLJzjPBiLtP6l2FsQacllhUf-duzEubalut9yvd8-CzYYNLu7pd-wiM0k633-D6khhQNbarB29bkQvChNEKMA_ve_9LVgt62FKlK_lSEvXOBjUC;2261032 000112/2020;NA;NA;http://www.transparencia.mg.gov.br/compras-e-patrimonio/compras-e-contratos/comprasecontratos-procedimento/3/2020/01-03-2020/16-04-2020/1831100/0/0/18842/0/0/0/0/18494/68107757/179814/1697730/322101/2261032000112-2020
2020;2260;FUNED;68.337.658/0001-27;SIGMA-ALDRICH BRASIL LTDA;"PENICILINA + ESTREPTOMICINA - APLICACAO: PARA CULTIVO CELULAR ETC; ASPECTO: LIQUIDO; APRESENTACAO: FRASCO COM VOLUME DE 100ML; COMPLEMENTO: FORMULACAO CONTENDO 10.000 U PENICILINA E 10.000 µG/ML ESTREPTOMICINA;";20200408;;2340;2260.01.0002208/2020-32;https://www.sei.mg.gov.br/sei/modulos/pesquisa/md_pesq_processo_exibir.php?IC2o8Z7ACQH4LdQ4jJLJzjPBiLtP6l2FsQacllhUf-duzEubalut9yvd8-CzYYNLu7pd-wiM0k633-D6khhQNbarB29bkQvChNEKMA_ve_9LVgt62FKlK_lSEvXOBjUC;2261032 000112/2020;NA;NA;http://www.transparencia.mg.gov.br/compras-e-patrimonio/compras-e-contratos/comprasecontratos-procedimento/3/2020/01-03-2020/16-04-2020/1831100/0/0/15185/0/0/0/0/3001/68108338/96556/1151746/322101/2261032000112-2020
2020;2260;FUNED;06.003.551/0001-95;QUALIVIDROS DISTRIBUIDORA LTDA;"SORO FETAL BOVINO - COMPONENTES: ISENTO DE MYCOPLASMA, ENDOTOXINA < OU = 10 EU/ML; FINALIDADE: CULTIVO CELULAR;";20200408;;6760;2260.01.0002208/2020-32;https://www.sei.mg.gov.br/sei/modulos/pesquisa/md_pesq_processo_exibir.php?IC2o8Z7ACQH4LdQ4jJLJzjPBiLtP6l2FsQacllhUf-duzEubalut9yvd8-CzYYNLu7pd-wiM0k633-D6khhQNbarB29bkQvChNEKMA_ve_9LVgt62FKlK_lSEvXOBjUC;2261032 000112/2020;NA;NA;http://www.transparencia.mg.gov.br/compras-e-patrimonio/compras-e-contratos/comprasecontratos-procedimento/3/2020/01-03-2020/16-04-2020/1831100/0/0/20981/0/0/0/0/21239/68500319/137646/1368818/322101/2261032000112-2020
2020;2260;FUNED;13.545.241/0001-68;SINTESE BIOTECNOLOGIA LTDA;"AGUA ULTRAPURA - IDENTIFICACAO: LIVRE DE DNASE E RNASE PARA PCR; FINALIDADE: AMPLIFICACAO DE DNA BACTERIANO DIAGNOSTICO; COMPATIBILIDADE: COM TERMOCICLADOR PARA PCR;";20200408;;2936;2260.01.0002208/2020-32;https://www.sei.mg.gov.br/sei/modulos/pesquisa/md_pesq_processo_exibir.php?IC2o8Z7ACQH4LdQ4jJLJzjPBiLtP6l2FsQacllhUf-duzEubalut9yvd8-CzYYNLu7pd-wiM0k633-D6khhQNbarB29bkQvChNEKMA_ve_9LVgt62FKlK_lSEvXOBjUC;2261032 000112/2020;NA;NA;http://www.transparencia.mg.gov.br/compras-e-patrimonio/compras-e-contratos/comprasecontratos-procedimento/3/2020/01-03-2020/16-04-2020/1831100/0/0/20981/0/0/0/0/21239/68500319/137646/1368818/322101/2261032000112-2020
2020;2260;FUNED;11.909.227/0001-70;PROMEGA BIOTECNOLOGIA DO BRASIL LTDA;"KIT PARA RT-PCR - TIPO: ONE-STEP, METODO DE DETECCAO POR SONDA TIPO TAQMAN; IDENTIFICACAO: CONJUNTO DE REAGENTES LIQUIDOS INCOLORES; FINALIDADE: DETECCAO E QUANTIFICACAO RNA, PCR EM TEMPO REAL;";20200408;;248600;2260.01.0002208/2020-32;https://www.sei.mg.gov.br/sei/modulos/pesquisa/md_pesq_processo_exibir.php?IC2o8Z7ACQH4LdQ4jJLJzjPBiLtP6l2FsQacllhUf-duzEubalut9yvd8-CzYYNLu7pd-wiM0k633-D6khhQNbarB29bkQvChNEKMA_ve_9LVgt62FKlK_lSEvXOBjUC;2261032 000112/2020;NA;NA;http://www.transparencia.mg.gov.br/compras-e-patrimonio/compras-e-contratos/comprasecontratos-procedimento/3/2020/01-03-2020/16-04-2020/1831100/0/0/18842/0/0/0/0/18494/68107757/179814/1697730/322101/2261032000112-2020
2020;2260;FUNED;21.268.634/0001-08;MULTIPLIER DISTRIBUIDORA EIRELI - EPP;"ALCOOL ETILICO - APLICACAO: ABSOLUTO, PARA BIOLOGIA MOLECULAR; FORMULA MOLECULAR: CH3CH2OH; PESO MOLECULAR: 46,07; PUREZA: TEOR 200; ASPECTO: LIQUIDO CLARO INCOLOR;";20200408;;319,6;2260.01.0002208/2020-32;https://www.sei.mg.gov.br/sei/modulos/pesquisa/md_pesq_processo_exibir.php?IC2o8Z7ACQH4LdQ4jJLJzjPBiLtP6l2FsQacllhUf-duzEubalut9yvd8-CzYYNLu7pd-wiM0k633-D6khhQNbarB29bkQvChNEKMA_ve_9LVgt62FKlK_lSEvXOBjUC;2261032 000112/2020;NA;NA;http://www.transparencia.mg.gov.br/compras-e-patrimonio/compras-e-contratos/comprasecontratos-procedimento/3/2020/01-03-2020/16-04-2020/1831100/0/0/29800/0/0/0/0/21588/68204108/170123/1669613/322101/2261032000112-2020
2020;1250;PMMG;35.820.448/0030-70;WHITE MARTINS GASES INDUSTRIAIS LTDA;Contratação de empresa especializada para instalação de centrais e redes de gases medicinais e fornecimento de acessórios de gasoterapia.;20200410;20201010;780098,1;1250.01.0002042/2020-09;https://www.sei.mg.gov.br/sei/modulos/pesquisa/md_pesq_processo_exibir.php?IC2o8Z7ACQH4LdQ4jJLJzjPBiLtP6l2FsQacllhUf-duzEubalut9yvd8-CzYYNLu7pd-wiM0k633-D6khhQNZ70YWeLaAMvr33h4eERTb7bnecvmHxQgkzjkv7QYDRT;0250073 000001/2020;9245761;https://www1.compras.mg.gov.br/contrato/gestaocontratos/arquivosContrato.html?idContrato=162593;http://www.transparencia.mg.gov.br/compras-e-patrimonio/compras-e-contratos/comprasecontratos-procedimento/3/2020/01-02-2020/17-04-2020/1831094/0/0/22102/0/0/0/0/20307/3020037/94372/1198/322109/0250073000001-2020
2020;1250;PMMG;35.820.448/0030-70;WHITE MARTINS GASES INDUSTRIAIS LTDA;Fornecimento de gases medicinais para o Hospital de Campanha de Minas Gerais.;20200409;;227520;1250.01.0002042/2020-09;https://www.sei.mg.gov.br/sei/modulos/pesquisa/md_pesq_processo_exibir.php?IC2o8Z7ACQH4LdQ4jJLJzjPBiLtP6l2FsQacllhUf-duzEubalut9yvd8-CzYYNLu7pd-wiM0k633-D6khhQNZ70YWeLaAMvr33h4eERTb7bnecvmHxQgkzjkv7QYDRT;0250073 000002/2020;NA;NA;http://www.transparencia.mg.gov.br/compras-e-patrimonio/compras-e-contratos/comprasecontratos-procedimento/3/2020/01-02-2020/17-04-2020/1831094/0/0/22102/0/0/0/0/11108/68300069/89687/1083678/322110/0250073000002-2020
2020;1250;PMMG;35.820.448/0030-70;WHITE MARTINS GASES INDUSTRIAIS LTDA;Locação de tanques de criogênio (incluindo assistência técnica) e misturador de gases medicinais para o Hospital Campanha de Minas Gerais.;20200416;;4637;1250.01.0002042/2020-09;https://www.sei.mg.gov.br/sei/modulos/pesquisa/md_pesq_processo_exibir.php?IC2o8Z7ACQH4LdQ4jJLJzjPBiLtP6l2FsQacllhUf-duzEubalut9yvd8-CzYYNLu7pd-wiM0k633-D6khhQNZ70YWeLaAMvr33h4eERTb7bnecvmHxQgkzjkv7QYDRT;0250073 000003/2020;NA;NA;http://www.transparencia.mg.gov.br/compras-e-patrimonio/compras-e-contratos/comprasecontratos-procedimento/3/2020/01-02-2020/17-04-2020/1831094/0/0/22102/0/0/0/0/12257/8020442/89502/15725/322505/0250073000003-2020
2020;2310;UNIMONTES;05.075.964/0001-12;CINCO – CONFIANÇA INDÚSTRIA E COMÉRCIO LTDA;Materiais médico-hospitalares;20200418;20201017;25950;2310.01.0005838/2020-70;https://www.sei.mg.gov.br/sei/modulos/pesquisa/md_pesq_processo_exibir.php?IC2o8Z7ACQH4LdQ4jJLJzjPBiLtP6l2FsQacllhUf-duzEubalut9yvd8-CzYYNLu7pd-wiM0k633-D6khhQNV03QmTiVf8HJrBhgdrdF810-6Ndp2jxC5JEqN8FAdGX;2311076 000134/2020;9245982;https://www1.compras.mg.gov.br/contrato/gestaocontratos/arquivosContrato.html?idContrato=162686;
2020;1250;PMMG;00.242.692/0001-84;FERRAGENS FAVORITA LTDA - EPP;Materiais destinados para adequações no Hospital de Campanha no Expominas BH;20200428;20200728;20231;1250.01.0002112/2020-59;https://www.sei.mg.gov.br/sei/modulos/pesquisa/md_pesq_processo_exibir.php?IC2o8Z7ACQH4LdQ4jJLJzjPBiLtP6l2FsQacllhUf-duzEubalut9yvd8-CzYYNLu7pd-wiM0k633-D6khhQNd5qM5rtOiR3v4lywf0Vtn_aBdGsWP6aTXrNaElhxpGv;0250073 000004/2020;9246002;https://www1.compras.mg.gov.br/contrato/gestaocontratos/arquivosContrato.html?idContrato=162700;
2020;1250;PMMG;02.932.175/0001-62;RBARROS EQUIPAMENTOS PROMOCIONAIS EIRELI ;Contratação de empresa especializada para a instalação de pisos nas enfermarias do Hospital de Campanha;20200427;;155057,31;1250.01.0002155/2020-62;https://www.sei.mg.gov.br/sei/modulos/pesquisa/md_pesq_processo_exibir.php?IC2o8Z7ACQH4LdQ4jJLJzjPBiLtP6l2FsQacllhUf-duzEubalut9yvd8-CzYYNLu7pd-wiM0k633-D6khhQNSWG2x4Wc2BZkigjEIx_he0AZmMG8YVhqBaZEvqq8HKb;0250073 000005/2020;NA;NA;http://www.transparencia.mg.gov.br/compras-e-patrimonio/compras-e-contratos/comprasecontratos-procedimento/3/2020/01-01-2020/30-04-2020/1831094/0/0/11745/0/0/0/0/7051/3010163/94368/1155/323035/0250073000005-2020
2020;1400;CBMMG;15.453.449/0001-82;RESGATECNICA COMERCIO DE EQUIPAMENTOS DE RESGATE EIRELI;Aquisição de materiais de APH para o CBMMG conforme determinação da DLF.;20200408;;390100;1400.01.0017991/2020-09;https://www.sei.mg.gov.br/sei/modulos/pesquisa/md_pesq_processo_exibir.php?IC2o8Z7ACQH4LdQ4jJLJzjPBiLtP6l2FsQacllhUf-duzEubalut9yvd8-CzYYNLu7pd-wiM0k633-D6khhQNbcC_-8cdJJUXlAnhOJAThKQnX8YUq5KYKyJ5r2heywL;1401269 000029/2020;NA;NA;http://www.transparencia.mg.gov.br/compras-e-patrimonio/compras-e-contratos/comprasecontratos-procedimento/3/2020/01-01-2020/05-05-2020/1831009/0/0/23810/0/0/0/0/13074/65300807/159637/1576690/322058/1401269000029-2020
2020;1400;CBMMG;03.928.511/0001-66;S.O.S SUL RESGATE - COMERCIO E SERVICOS DE SEGURANCA E SINALIZACAO LTDA;Aquisição de materiais de APH para o CBMMG conforme determinação da DLF.;20200408;;98900;1400.01.0017991/2020-09;https://www.sei.mg.gov.br/sei/modulos/pesquisa/md_pesq_processo_exibir.php?IC2o8Z7ACQH4LdQ4jJLJzjPBiLtP6l2FsQacllhUf-duzEubalut9yvd8-CzYYNLu7pd-wiM0k633-D6khhQNbcC_-8cdJJUXlAnhOJAThKQnX8YUq5KYKyJ5r2heywL;1401269 000029/2020;NA;NA;http://www.transparencia.mg.gov.br/compras-e-patrimonio/compras-e-contratos/comprasecontratos-procedimento/3/2020/01-01-2020/05-05-2020/1831009/0/0/23810/0/0/0/0/13074/65300807/159637/1576690/322058/1401269000029-2020
2020;1400;CBMMG;20.235.404/0001-71;DCB DISTRIBUIDORA CIRURGICA BRASILEIRA LTDA;Aquisição de materiais de APH para o CBMMG conforme determinação da DLF.;20200408;;59652;1400.01.0017991/2020-09;https://www.sei.mg.gov.br/sei/modulos/pesquisa/md_pesq_processo_exibir.php?IC2o8Z7ACQH4LdQ4jJLJzjPBiLtP6l2FsQacllhUf-duzEubalut9yvd8-CzYYNLu7pd-wiM0k633-D6khhQNbcC_-8cdJJUXlAnhOJAThKQnX8YUq5KYKyJ5r2heywL;1401269 000029/2020;NA;NA;http://www.transparencia.mg.gov.br/compras-e-patrimonio/compras-e-contratos/comprasecontratos-procedimento/3/2020/01-01-2020/05-05-2020/1831009/0/0/23810/0/0/0/0/13074/65300807/159637/1576690/322058/1401269000029-2020
2020;1400;CBMMG;26.729.755/0001-15;FORTE SINAL EQUIPAMENTOS - EIRELI;Aquisição de materiais de APH para o CBMMG conforme determinação da DLF.;20200408;;15600;1400.01.0017991/2020-09;https://www.sei.mg.gov.br/sei/modulos/pesquisa/md_pesq_processo_exibir.php?IC2o8Z7ACQH4LdQ4jJLJzjPBiLtP6l2FsQacllhUf-duzEubalut9yvd8-CzYYNLu7pd-wiM0k633-D6khhQNbcC_-8cdJJUXlAnhOJAThKQnX8YUq5KYKyJ5r2heywL;1401269 000029/2020;NA;NA;http://www.transparencia.mg.gov.br/compras-e-patrimonio/compras-e-contratos/comprasecontratos-procedimento/3/2020/01-01-2020/05-05-2020/1831009/0/0/23810/0/0/0/0/13074/65300807/159637/1576690/322058/1401269000029-2020
2020;1400;CBMMG;21.559.804/0001-03;GERBRA COMERCIO EIRELI - ME;Aquisição de materiais de APH para o CBMMG conforme determinação da DLF.;20200408;;10890;1400.01.0017991/2020-09;https://www.sei.mg.gov.br/sei/modulos/pesquisa/md_pesq_processo_exibir.php?IC2o8Z7ACQH4LdQ4jJLJzjPBiLtP6l2FsQacllhUf-duzEubalut9yvd8-CzYYNLu7pd-wiM0k633-D6khhQNbcC_-8cdJJUXlAnhOJAThKQnX8YUq5KYKyJ5r2heywL;1401269 000029/2020;NA;NA;http://www.transparencia.mg.gov.br/compras-e-patrimonio/compras-e-contratos/comprasecontratos-procedimento/3/2020/01-01-2020/05-05-2020/1831009/0/0/23810/0/0/0/0/13074/65300807/159637/1576690/322058/1401269000029-2020
2020;1250;PMMG;36.279.930/0001-73;M. M. M. Coelho Ltda;Máscaras facial, fabricadas em tecido de tricoline, composto de, no mínimo, 97% de algodão;20200418;20200717;260000;1250.01.0002197/2020-92;https://www.sei.mg.gov.br/sei/modulos/pesquisa/md_pesq_processo_exibir.php?IC2o8Z7ACQH4LdQ4jJLJzjPBiLtP6l2FsQacllhUf-duzEubalut9yvd8-CzYYNLu7pd-wiM0k633-D6khhQNZ4RDZf2aqMM_baKMKhAG540znE_9IPMD0Qv4g2Gqu3K;1250084 000010/2020;9245786;https://www1.compras.mg.gov.br/contrato/gestaocontratos/arquivosContrato.html?idContrato=162617;https://www1.compras.mg.gov.br/contrato/gestaocontratos/arquivosContrato.html?idContrato=162617
2020;2300;DER-MG;03.367.118/0001-40;CONSTRUTORA SNARCO LTDA;Reforma da ala D e ampliação da capacidade de carga da subestação do Hospital Eduardo de Menezes, no município de Belo Horizonte, unidade integrante da Fundação Hospitalar do Estado de Minas Gerais;20200401;20201001;4359428,86;2300.01.0048942/2020-33;https://www.sei.mg.gov.br/sei/modulos/pesquisa/md_pesq_processo_exibir.php?IC2o8Z7ACQH4LdQ4jJLJzjPBiLtP6l2FsQacllhUf-duzEubalut9yvd8-CzYYNLu7pd-wiM0k633-D6khhQNcRjPwXFitFhfS7KLPDdYgYJdPtKoxHVfo1reueoR29T;2301925 000001/2020;9245674;https://www1.compras.mg.gov.br/contrato/gestaocontratos/arquivosContrato.html?idContrato=162508;https://www1.compras.mg.gov.br/contrato/gestaocontratos/arquivosContrato.html?idContrato=162508
2020;2300;DER-MG;04.764.300/0001-06;EFICIENCIA CONSTRUTORA LTDA;Execução dos serviços de engenharia, abrangendo reparos gerais, complementação da instalação do sistema de climatização e exaustão, instalação de câmaras frias do SVO;20200415;20201015;1041625,57;2300.01.0053745/2020-41;;2301925 000002/2020;9245950;https://www1.compras.mg.gov.br/contrato/gestaocontratos/arquivosContrato.html?idContrato=162645;https://www1.compras.mg.gov.br/contrato/gestaocontratos/arquivosContrato.html?idContrato=162645
2020;2320;HEMOMINAS;04.158.618/0001-35;LIMPEZA & BRILHO LTDA - EPP;Material de limpeza SEI 2320.01.0004287/2020-78;20200504;;24600;2320.01.0004287/2020-78;https://www.sei.mg.gov.br/sei/modulos/pesquisa/md_pesq_processo_exibir.php?IC2o8Z7ACQH4LdQ4jJLJzjPBiLtP6l2FsQacllhUf-duzEubalut9yvd8-CzYYNLu7pd-wiM0k633-D6khhQNdJH-sA_3hgPBGJ42wyKT1LxVuwm-WE3z2iJzf6SLR3I;2320310 000127/2020;NA;NA;http://www.transparencia.mg.gov.br/compras-e-patrimonio/compras-e-contratos/comprasecontratos-procedimento/3/2020/01-03-2020/13-05-2020/1831016/0/0/19839/0/0/0/0/21741/85200085/175924/1692143/323219/2320310000127-2020
2020;2320;HEMOMINAS;08.195.271/0001-51;FOCOS COMERCIAL LTDA;Material de limpeza SEI 2320.01.0004287/2020-78;20200504;;120000;2320.01.0004287/2020-78;https://www.sei.mg.gov.br/sei/modulos/pesquisa/md_pesq_processo_exibir.php?IC2o8Z7ACQH4LdQ4jJLJzjPBiLtP6l2FsQacllhUf-duzEubalut9yvd8-CzYYNLu7pd-wiM0k633-D6khhQNdJH-sA_3hgPBGJ42wyKT1LxVuwm-WE3z2iJzf6SLR3I;2320310 000127/2020;NA;NA;http://www.transparencia.mg.gov.br/compras-e-patrimonio/compras-e-contratos/comprasecontratos-procedimento/3/2020/01-03-2020/13-05-2020/1831016/0/0/19474/0/0/0/0/5792/79200320/97713/1143883/323219/2320310000127-2020
2020;2320;HEMOMINAS;24.291.891/0001-40;DISTRIBUIR COMERCIO EIRELI - EPP;Material de limpeza SEI 2320.01.0004287/2020-78;20200504;;1005;2320.01.0004287/2020-78;https://www.sei.mg.gov.br/sei/modulos/pesquisa/md_pesq_processo_exibir.php?IC2o8Z7ACQH4LdQ4jJLJzjPBiLtP6l2FsQacllhUf-duzEubalut9yvd8-CzYYNLu7pd-wiM0k633-D6khhQNdJH-sA_3hgPBGJ42wyKT1LxVuwm-WE3z2iJzf6SLR3I;2320310 000127/2020;NA;NA;http://www.transparencia.mg.gov.br/compras-e-patrimonio/compras-e-contratos/comprasecontratos-procedimento/3/2020/01-03-2020/13-05-2020/1831016/0/0/57442/0/0/0/0/18356/79200036/108267/1244515/323219/2320310000127-2020
2020;2320;HEMOMINAS;36.447.719/0001-12;PROF+ COMERCIO E DISTRIBUIÇÃO DE PRODUTOS DE LIMPEZA EIRELI;Material de limpeza SEI 2320.01.0004287/2020-78;20200504;;126161,8;2320.01.0004287/2020-78;https://www.sei.mg.gov.br/sei/modulos/pesquisa/md_pesq_processo_exibir.php?IC2o8Z7ACQH4LdQ4jJLJzjPBiLtP6l2FsQacllhUf-duzEubalut9yvd8-CzYYNLu7pd-wiM0k633-D6khhQNdJH-sA_3hgPBGJ42wyKT1LxVuwm-WE3z2iJzf6SLR3I;2320310 000127/2020;NA;NA;http://www.transparencia.mg.gov.br/compras-e-patrimonio/compras-e-contratos/comprasecontratos-procedimento/3/2020/01-03-2020/13-05-2020/1831016/0/0/57442/0/0/0/0/18356/79200036/108267/1244515/323219/2320310000127-2020
2020;2320;HEMOMINAS;66.219.957/0001-31;AGUIMAR ANDRADE COMERCIO E ASSISTENCIA TECNICA EIRELI - EPP;Material de limpeza SEI 2320.01.0004287/2020-78;20200504;;6840;2320.01.0004287/2020-78;https://www.sei.mg.gov.br/sei/modulos/pesquisa/md_pesq_processo_exibir.php?IC2o8Z7ACQH4LdQ4jJLJzjPBiLtP6l2FsQacllhUf-duzEubalut9yvd8-CzYYNLu7pd-wiM0k633-D6khhQNdJH-sA_3hgPBGJ42wyKT1LxVuwm-WE3z2iJzf6SLR3I;2320310 000127/2020;NA;NA;http://www.transparencia.mg.gov.br/compras-e-patrimonio/compras-e-contratos/comprasecontratos-procedimento/3/2020/01-03-2020/13-05-2020/1831016/0/0/57442/0/0/0/0/18356/79200036/108267/1244515/323219/2320310000127-2020
2020;1250;PMMG;52.202.744/0001-92;NACIONAL COMERCIAL HOSPITALAR S/A;Fornecimento de tiras de Glicemia, incluído o comodato gratuito de 150 glicosímetros;20200509;20200809;100643;1251.01.0002288/2020-60;https://www.sei.mg.gov.br/sei/modulos/pesquisa/md_pesq_processo_exibir.php?IC2o8Z7ACQH4LdQ4jJLJzjPBiLtP6l2FsQacllhUf-duzEubalut9yvd8-CzYYNLu7pd-wiM0k633-D6khhQNYb6TANBRe2gwDj6AoLIwnuQBxWKHvE0dkHkdSA5sGXV;0250073 000009/2020;9247068;https://www1.compras.mg.gov.br/contrato/gestaocontratos/arquivosContrato.html?idContrato=162853;
2020;2300;DER-MG;00.645.535/0001-10;2A ENGENHARIA E CONSTRUCOES LTDA;Contratação de empresa especializada, em caráter emergencial e por dispensa de licitação, para a reforma do Hospital Júlia Jubitschek em Belo Horizonte;20200512;20201230;7116343,26;2300.01.0058319/2020-24;https://www.sei.mg.gov.br/sei/modulos/pesquisa/md_pesq_processo_exibir.php?IC2o8Z7ACQH4LdQ4jJLJzjPBiLtP6l2FsQacllhUf-duzEubalut9yvd8-CzYYNLu7pd-wiM0k633-D6khhQNZMC_X2vfK31SJ80Ne-80XwFRI_knf2x3dLuVrJDLlhh;2301925 000003/2020;9247198;https://www1.compras.mg.gov.br/contrato/gestaocontratos/arquivosContrato.html?idContrato=163055;
2020;1370;SEMAD;28.881.671/0001-28;DSI COM. IMP. E EXP. LTDA ME;Alcool em Gel;20200511;;545;1370.01.0011944/2020-19;https://www.sei.mg.gov.br/sei/modulos/pesquisa/md_pesq_processo_exibir.php?IC2o8Z7ACQH4LdQ4jJLJzjPBiLtP6l2FsQacllhUf-duzEubalut9yvd8-CzYYNLu7pd-wiM0k633-D6khhQNUoeGjZV1q6qNvsvVLtA4lciXYV4Kn0M-ppC1Tbpz_8Q;1371054 000003/2020;NA;NA;http://www.transparencia.mg.gov.br/compras-e-patrimonio/compras-e-contratos/comprasecontratos-procedimento/3/2020/01-01-2020/18-05-2020/1831058/0/0/56892/0/0/0/0/21584/85100242/170087/1669370/323559/1371054000003-2020
2020;2270;FHEMIG;09.610.464/0001-94;CONTROLAR INDUSTRIA E COMERCIO DE FILTROS E EQUIPAMENTOS EIRELI;Sitema de exaustão e filtragem do ar para o Hospital Eduardo de Menezes;20200227;;55120;2270.01.0006208/2020-28;https://www.sei.mg.gov.br/sei/modulos/pesquisa/md_pesq_processo_exibir.php?IC2o8Z7ACQH4LdQ4jJLJzjPBiLtP6l2FsQacllhUf-duzEubalut9yvd8-CzYYNLu7pd-wiM0k633-D6khhQNUMxqxldeoWovKuMO7HnN0b1h6KyefwVO4V5BNlFUw00;0500005 000009/2020;NA;NA;http://www.transparencia.mg.gov.br/compras-e-patrimonio/compras-e-contratos/comprasecontratos-procedimento/3/2020/01-01-2020/19-05-2020/1831008/0/0/23644/0/0/0/0/13862/65181557/209823/1746723/319179/0500005000009-2020
2020;2270;FHEMIG;02.873.047/0001-95;VITAE TECNOLOGIA EM MEDICINA LTDA - EPP;Manteunção Corretiva em Ventiladores Pulmonares da Marca Dixtal;20200423;;116438,2;2270.01.0011278/2020-05 ;https://www.sei.mg.gov.br/sei/modulos/pesquisa/md_pesq_processo_exibir.php?IC2o8Z7ACQH4LdQ4jJLJzjPBiLtP6l2FsQacllhUf-duzEubalut9yvd8-CzYYNLu7pd-wiM0k633-D6khhQNZ4thJFL3aD41mUdewfqOVgqHx_C0cn5sM0KUFryvhiD;0510037 000125/2020;NA;NA;http://www.transparencia.mg.gov.br/compras-e-patrimonio/compras-e-contratos/comprasecontratos-procedimento/3/2020/01-01-2020/19-05-2020/1831008/0/0/22830/0/0/0/0/17638/7010010/92859/10758/322569/0510037000125-2020
2020;2270;FHEMIG;03.479.428/0001-57;ATUANTE COMERCIAL LTDA-ME;Aquisição de reguladores de pressão para cilindro de oxigênio e rede canalizada de oxigênio e ar comprimido;20200327;;6160;2270.01.0011621/2020-56;https://www.sei.mg.gov.br/sei/modulos/pesquisa/md_pesq_processo_exibir.php?IC2o8Z7ACQH4LdQ4jJLJzjPBiLtP6l2FsQacllhUf-duzEubalut9yvd8-CzYYNLu7pd-wiM0k633-D6khhQNfHosv7CHKwKv6nG5zSy7lILjm3_gDalmMXv8MGC471p;0518005 000036/2020;NA;NA;http://www.transparencia.mg.gov.br/compras-e-patrimonio/compras-e-contratos/comprasecontratos-procedimento/3/2020/01-01-2020/19-05-2020/1831008/0/0/18037/0/0/0/0/5958/48200220/155765/1456741/321242/0518005000036-2020
2020;2270;FHEMIG;04.956.527/0001-45;ORION COMERCIO DE ARTIGOS MEDICOS LTDA;Aquisição de pinça hemostática Kelly para o HRAD/FHEMIG;20200423;;188;2270.01.0011840/2020-60;https://www.sei.mg.gov.br/sei/modulos/pesquisa/md_pesq_processo_exibir.php?IC2o8Z7ACQH4LdQ4jJLJzjPBiLtP6l2FsQacllhUf-duzEubalut9yvd8-CzYYNLu7pd-wiM0k633-D6khhQNdDJEAKy7_1KkCMtnIfGZ81gZ2XHlSBUgaC2tB8vj9mX;0518005 000037/2020;NA;NA;http://www.transparencia.mg.gov.br/compras-e-patrimonio/compras-e-contratos/comprasecontratos-procedimento/3/2020/01-01-2020/19-05-2020/1831008/0/0/33763/0/0/0/0/15854/65230647/3299/61204/322642/0518005000037-2020
2020;1320;SES;11.405.384/0001-49;ALFA MED SISTEMAS MEDICOS LTDA;Aquisição de monitores respiratórios, para atendimento a demanda da Pandemia do COVID-19, no Estado de Minas Gerais;20200404;20201003;175680;1500.01.0016175/2020-18;https://www.sei.mg.gov.br/sei/modulos/pesquisa/md_pesq_processo_exibir.php?IC2o8Z7ACQH4LdQ4jJLJzjPBiLtP6l2FsQacllhUf-duzEubalut9yvd8-CzYYNLu7pd-wiM0k633-D6khhQNfNt5bG0xtwVT036uzyHHpjGV5aqG5njRuiyFTmrZXXO;1501561 000015/2020;9245710;https://www1.compras.mg.gov.br/contrato/gestaocontratos/arquivosContrato.html?idContrato=162549;
2020;1320;SES;20.235.404/0001-71;DCB DISTRIBUIDORA CIRURGICA BRASILEIRA LTDA;Aquisição de Máscaras N95, para atendimento a pandemia do COVID-19, no Estado de Minas Gerais;20200404;20201003;11257500;1320.01.0038920/2020-59;https://www.sei.mg.gov.br/sei/modulos/pesquisa/md_pesq_processo_exibir.php?IC2o8Z7ACQH4LdQ4jJLJzjPBiLtP6l2FsQacllhUf-duzEubalut9yvd8-CzYYNLu7pd-wiM0k633-D6khhQNUkApG51peFMARHIXGBukGXSpHubhMU-5fnf5SJ8ey6H;1501561 000016/2020;9245712;https://www1.compras.mg.gov.br/contrato/gestaocontratos/arquivosContrato.html?idContrato=162531;
2020;1320;SES;01.212.789/0001-07;R&D MEDIQ EQUIPAMENTOS E SERVIÇOS ESPECIALIZADOS LTDA;Aquisição de monitores respiratórios, para atendimento da pandemia do COVID-19;20200408;20201007;472395;1500.01.0017829/2020-77;https://www.sei.mg.gov.br/sei/modulos/pesquisa/md_pesq_processo_exibir.php?IC2o8Z7ACQH4LdQ4jJLJzjPBiLtP6l2FsQacllhUf-duzEubalut9yvd8-CzYYNLu7pd-wiM0k633-D6khhQNdQ4oRxmvW9pnK9vKsjLJAycEfDozyMx5goZlzcbf4Mh;1501561 000017/2020;9245714;https://www1.compras.mg.gov.br/contrato/gestaocontratos/arquivosContrato.html?idContrato=162552;
2020;1500;SEPLAG;52.202.744/0001-92;NACIONAL COMERCIAL HOSPITALAR S/A;Aquisição de luvas, para atendimento a demanda da pandemia do COVID-19, no Estado de Minas Gerais;20200409;;1052800;1500.01.0017382/2020-21;https://www.sei.mg.gov.br/sei/modulos/pesquisa/md_pesq_processo_exibir.php?IC2o8Z7ACQH4LdQ4jJLJzjPBiLtP6l2FsQacllhUf-duzEubalut9yvd8-CzYYNLu7pd-wiM0k633-D6khhQNUAGREm10rtH8EyWB4GHzPTK7GQGOKYE_fkgkdsW8Z6f;1501561 000018/2020;NA;NA;http://www.transparencia.mg.gov.br/compras-e-patrimonio/compras-e-contratos/comprasecontratos-procedimento/2/2020/01-03-2020/22-05-2020/1831065/2/0/0/0/0/0/0/21609/84950013/170586/1672592/321925/1501561000018-2020
2020;1320;SES;90.909.631/0001-10;INSTRAMED INDUSTRIA MEDICO HOSPITALAR LTDA;Aquisição de Cardioversor com marcapasso para atendimento de demanda da Secretaria de Estado da Saúde, visando equipar as unidades hospitalares envolvidas no atendimento e combate ao COVID-19;20200410;20201009;1416600;1500.01.0018434/2020-38;https://www.sei.mg.gov.br/sei/modulos/pesquisa/md_pesq_processo_exibir.php?IC2o8Z7ACQH4LdQ4jJLJzjPBiLtP6l2FsQacllhUf-duzEubalut9yvd8-CzYYNLu7pd-wiM0k633-D6khhQNd9wg_GxfQdO9kP9tLZDScOCbeAxVN_lV9hX4g3XPDsI;1501561 000019/2020;9245760;https://www1.compras.mg.gov.br/contrato/gestaocontratos/arquivosContrato.html?idContrato=162606;
2020;1500;SEPLAG;20.235.404/0001-71;DCB DISTRIBUIDORA CIRURGICA BRASILEIRA LTDA;Aquisição de equipamentos médicos Hospitalares, para atendimento a demanda da pandemia do COVID-19, no Estado de Minas Gerais;20200410;20201009;5149557,5;1500.01.0019011/2020-76;https://www.sei.mg.gov.br/sei/modulos/pesquisa/md_pesq_processo_exibir.php?IC2o8Z7ACQH4LdQ4jJLJzjPBiLtP6l2FsQacllhUf-duzEubalut9yvd8-CzYYNLu7pd-wiM0k633-D6khhQNT3y2moQgKxLgOHoUUS13f0ir908xrj-QXK1zDd9TLD-;1501561 000020/2020;9245764;https://www1.compras.mg.gov.br/contrato/gestaocontratos/arquivosContrato.html?idContrato=162607;
2020;1320;SES;03.620.716/0001-80;CMOS DRAKE DO NORDESTE S.A;Aquisição de Cardioversores para atendimento a pandemia do COVID-19, no Estado de Minas Gerais;20200414;20201013;2127400;1500.01.0019103/2020-17;https://www.sei.mg.gov.br/sei/modulos/pesquisa/md_pesq_processo_exibir.php?IC2o8Z7ACQH4LdQ4jJLJzjPBiLtP6l2FsQacllhUf-duzEubalut9yvd8-CzYYNLu7pd-wiM0k633-D6khhQNQyKQ2LN1E2Z105Gh8X_iVewj7W1Y5VyCcpPXR2vacCn;1501561 000021/2020;9245766;https://www1.compras.mg.gov.br/contrato/gestaocontratos/arquivosContrato.html?idContrato=162597;
2020;1320;SES;10.444.624/0001-51;SISNAC PRODUTOS PARA SAUDE LTDA;Aquisição de Aparelhos respiratórios para atendimento a demanda da pandemia do COVID-19, no Estado de Minas Gerais;20200416;20201015;3265000;1500.01.0018532/2020-11;https://www.sei.mg.gov.br/sei/modulos/pesquisa/md_pesq_processo_exibir.php?IC2o8Z7ACQH4LdQ4jJLJzjPBiLtP6l2FsQacllhUf-duzEubalut9yvd8-CzYYNLu7pd-wiM0k633-D6khhQNYX2MPf1EaoBsxrQA32QUq0yeoMRnBBShIM3PTB1Jn3l;1501561 000022/2020;3245781;https://www1.compras.mg.gov.br/contrato/gestaocontratos/arquivosContrato.html?idContrato=162614;
2020;2270;FHEMIG;14.707.364/0001-10;XCMG BRASIL INDUSTRIA LTDA;Aquisição  de Máscaras N95 para atendimento a pandemia do COVID-19, no Estado de Minas Gerais;20200424;;6310939,7;1500.01.0019377/2020-88;https://www.sei.mg.gov.br/sei/modulos/pesquisa/md_pesq_processo_exibir.php?IC2o8Z7ACQH4LdQ4jJLJzjPBiLtP6l2FsQacllhUf-duzEubalut9yvd8-CzYYNLu7pd-wiM0k633-D6khhQNSjws8--_G4k2QvBfMLiDt9aYR5v-JFbxMvocMhiYnmr;1501561 000023/2020;NA;NA;http://www.transparencia.mg.gov.br/compras-e-patrimonio/compras-e-contratos/comprasecontratos-procedimento/3/2020/01-03-2020/22-05-2020/1831008/0/0/30348/0/0/0/0/10733/65320034/10036/125628/322363/1501561000023-2020
2020;1500;SEPLAG;52.202.744/0001-82;NACIONAL COMERCIAL HOSPITALAR S/A;Aquisição de luvas, para atendimento a demanda da pandemia do COVID-19, no Estado de Minas Gerais;20200417;;572550;1500.01.0019842/2020-46;https://www.sei.mg.gov.br/sei/modulos/pesquisa/md_pesq_processo_exibir.php?IC2o8Z7ACQH4LdQ4jJLJzjPBiLtP6l2FsQacllhUf-duzEubalut9yvd8-CzYYNLu7pd-wiM0k633-D6khhQNQ-7S4HdtuZ2tRT2ihh0Mc2TMrlTYKlrSUALbpTWdDIL;1501561 000024/2020;NA;NA;http://www.transparencia.mg.gov.br/compras-e-patrimonio/compras-e-contratos/comprasecontratos-procedimento/2/2020/01-03-2020/22-05-2020/1831065/2/0/0/0/0/0/0/21609/84950013/170586/1672592/322509/1501561000024-2020
2020;1500;SEPLAG;20.235.404/0001-71;DCB DISTRIBUIDORA CIRURGICA BRASILEIRA LTDA;Aquisição emergencial de equipamentos para proteção individual, visando equipar e proteger os profissionais envolvidos no atendimento e combate a pandemia do COVID-19 no Estado de Minas Gerais;20200423;20201022;7350000;1500.01.0020051/2020-29;https://www.sei.mg.gov.br/sei/modulos/pesquisa/md_pesq_processo_exibir.php?IC2o8Z7ACQH4LdQ4jJLJzjPBiLtP6l2FsQacllhUf-duzEubalut9yvd8-CzYYNLu7pd-wiM0k633-D6khhQNT5QG9edZ9qFcWAIHB4XPUqvNgI1GZ9_NTCAJyo1S4jb;1501561 000025/2020;9246004;https://www1.compras.mg.gov.br/contrato/gestaocontratos/arquivosContrato.html?idContrato=162676;
2020;1500;SEPLAG;14.707.364/0001-10;XCMG BRASIL INDUSTRIA LTDA;Aquisição de máscaras descartáveis, para atendimento a demanda de pandemia do COVID-19, no Estado de Minas Gerais;20200423;20201022;8220000;1500.01.0020336/2020-94;https://www.sei.mg.gov.br/sei/modulos/pesquisa/md_pesq_processo_exibir.php?IC2o8Z7ACQH4LdQ4jJLJzjPBiLtP6l2FsQacllhUf-duzEubalut9yvd8-CzYYNLu7pd-wiM0k633-D6khhQNfPhIMOlq1KvViQ9Y5z_UX5Az8xDi1-K1mNgYgrN0YQE;1501561 000026/2020;9246005;https://www1.compras.mg.gov.br/contrato/gestaocontratos/arquivosContrato.html?idContrato=162677;
2020;2270;FHEMIG;14.707.364/0001-10;XCMG BRASIL INDUSTRIA LTDA;Aquisição de equipamentos médicos Hospitalares, para atendimento a demanda da pandemia do COVID-19, no Estado de Minas Gerais;20200424;;2334512,88;1500.01.0020447/2020-07;https://www.sei.mg.gov.br/sei/modulos/pesquisa/md_pesq_processo_exibir.php?IC2o8Z7ACQH4LdQ4jJLJzjPBiLtP6l2FsQacllhUf-duzEubalut9yvd8-CzYYNLu7pd-wiM0k633-D6khhQNV3UTwo-FCdcv9HnEOu0LtYV_RHPnni7A0380GJPLVdO;1501561 000027/2020;NA;NA;http://www.transparencia.mg.gov.br/compras-e-patrimonio/compras-e-contratos/comprasecontratos-procedimento/3/2020/01-03-2020/22-05-2020/1831008/0/0/30348/0/0/0/0/10733/65320034/8733/125245/322808/1501561000027-2020
2020;1320;SES;61.849.381/0001-09;KTK INDUSTRIA, IMPORTACAO, EXPORTACAO E COMERCIO DE EQUIPAMENTOS HOSPITALARES LTDA;Aquisição de ventiladores respiratórios em atendimento a demanda da pandemia do COVID-19, no Estado de Minas Gerais;20200429;20201028;43965000;1320.01.0046719/2020-73;https://www.sei.mg.gov.br/sei/modulos/pesquisa/md_pesq_processo_exibir.php?IC2o8Z7ACQH4LdQ4jJLJzjPBiLtP6l2FsQacllhUf-duzEubalut9yvd8-CzYYNLu7pd-wiM0k633-D6khhQNbQ7AwV304bEwORegrpC8MU26oRYg3foGOu7dRNBiSC6;1501561 000028/2020;9247074;https://www1.compras.mg.gov.br/contrato/gestaocontratos/arquivosContrato.html?idContrato=162832;
2020;1320;SES;13.545.241/0001-68;SINTESE BIOTECNOLOGIA LTDA;Aquisição de kits de biologia molecular (PCR) para diagnóstico laboratorial do COVID-19 para enfrentamento de demanda da Secretaria de Estado da Saúde, visnado a ampliação da rede diagnóstica no Estado;20200430;20201029;5155780,63;1500.01.0018971/2020-89;https://www.sei.mg.gov.br/sei/modulos/pesquisa/md_pesq_processo_exibir.php?IC2o8Z7ACQH4LdQ4jJLJzjPBiLtP6l2FsQacllhUf-duzEubalut9yvd8-CzYYNLu7pd-wiM0k633-D6khhQNUQWfe3MlhzbSyoPeP8vAWsPGWtDxxZB9X87V89pINb5;1501561 000029/2020;9247090;http://www.transparencia.mg.gov.br/compras-e-patrimonio/compras-e-contratos/comprasecontratos-procedimento/3/2020/01-03-2020/22-05-2020/1831017/0/0/20981/0/0/0/0/18494/68107757/215223/1753070/323117/1501561000029-2020;
2020;1500;SEPLAG;15.300.600/0001-42;MONICA REIS RUBIA-ME;Aquisição de aventais cirúrgicos de TNT impermeável, para atendimento a demanda da pandemia do COVID-19, no Estado de Minas Gerais;20200508;20201107;6145000;1500.01.0020360/2020-28;https://www.sei.mg.gov.br/sei/modulos/pesquisa/md_pesq_processo_exibir.php?IC2o8Z7ACQH4LdQ4jJLJzjPBiLtP6l2FsQacllhUf-duzEubalut9yvd8-CzYYNLu7pd-wiM0k633-D6khhQNbKgSOpElIwXfkVKO9SUqmTWxMs9s1x6ZQSd1E_EdFHf;1501561 000030/2020;9247154;https://www1.compras.mg.gov.br/contrato/gestaocontratos/arquivosContrato.html?idContrato=162971;
2020;1320;SES;00.331.788/0031-34;AIR LIQUIDE BRASIL LTDA;Aquisição de ventiladores pulmonares para atendimento de demanda da Secretaria de Estado da Saúde, visando equipar as unidades hospitalares envolvidas no atendimento e combate a pandemia do COVID-19;20200507;20201106;7307776,86;1500.01.0021514/2020-07;https://www.sei.mg.gov.br/sei/modulos/pesquisa/md_pesq_processo_exibir.php?IC2o8Z7ACQH4LdQ4jJLJzjPBiLtP6l2FsQacllhUf-duzEubalut9yvd8-CzYYNLu7pd-wiM0k633-D6khhQNT1a_l40I2Ai3bADRCtSKqirkhVuMkobFpuiBgJavWbj;1501561 000031/2020;9247151;https://www1.compras.mg.gov.br/contrato/gestaocontratos/arquivosContrato.html?idContrato=162969;
2020;1500;SEPLAG;15.300.600/0001-42;MONICA REIS RUBIA-ME;Aquisição de aventais cirúrgicos de TNT impermeável, para atendimento a demanda da pandemia do COVID-19, no Estado de Minas Gerais;20200509;20201108;6145000;1500.01.0020761/2020-65;https://www.sei.mg.gov.br/sei/modulos/pesquisa/md_pesq_processo_exibir.php?IC2o8Z7ACQH4LdQ4jJLJzjPBiLtP6l2FsQacllhUf-duzEubalut9yvd8-CzYYNLu7pd-wiM0k633-D6khhQNZMrwL1l0czSUExtLCVTXTNDl5qIGUBeIV94ZydOjaD1;1501561 000032/2020;9247179;https://www1.compras.mg.gov.br/contrato/gestaocontratos/arquivosContrato.html?idContrato=163028;
2020;2010;IPSEMG;07.837.315/0001-37;BIOLOGISTICA SOLUCOES EM LOGISTICA E SERVICOS EIRELI;Contratação, do serviço de coleta, transporte e entrega de material biológico de origem humana para análise, em virtude do surto de doença respiratória- CoronaVírus.;20200513;20201112;27653,11;2010.01.0015392/2020-52;https://www.sei.mg.gov.br/sei/modulos/pesquisa/md_pesq_processo_exibir.php?IC2o8Z7ACQH4LdQ4jJLJzjPBiLtP6l2FsQacllhUf-duzEubalut9yvd8-CzYYNLu7pd-wiM0k633-D6khhQNQooaxlcnHtmrLkWw6gTNyR9L7QYVCcoU3CU8mwn4dbu;2012015 000034/2020;9247172;http://www.transparencia.mg.gov.br/compras-e-patrimonio/compras-e-contratos/comprasecontratos-procedimento/3/2020/01-01-2020/27-05-2020/1831081/0/0/12909/0/0/0/0/20261/6020240/175968/84581/322908/2012015000034-2020;
2020;2010;IPSEMG;00.267.908/0001-66;HAND SHOP SUPRIMENTOS MEDICOS & TERAPEUTICOS LTDA;Aquisição EMERGENCIAL do equipamento de proteção individual MÁSCARA DESCARTÁVEL N95 para o Hospital Governador Israel Pinheiro-HGIP,;20200403;;77400;2010.01.0014197/2020-16;https://www.sei.mg.gov.br/sei/modulos/pesquisa/md_pesq_processo_exibir.php?IC2o8Z7ACQH4LdQ4jJLJzjPBiLtP6l2FsQacllhUf-duzEubalut9yvd8-CzYYNLu7pd-wiM0k633-D6khhQNQNokXU1GPeDIRmLJvM2Au83nZ9Vb3mOzvUzzUYm7gOo;2012015 000031/2020;NA;NA;http://www.transparencia.mg.gov.br/compras-e-patrimonio/compras-e-contratos/comprasecontratos-procedimento/3/2020/01-01-2020/27-05-2020/1831081/0/0/13002/0/0/0/0/10733/65320034/10036/125628/321414/2012015000031-2020
2020;2010;IPSEMG;14.707.364/0001-10;XCMG BRASIL INDUSTRIA LTDA;Aquisição EMERGENCIAL de material médico-hospitalar MÁSCARA CIRÚRGICA TRÊS CAMADAS para o Hospital Governador Israel Pinheiro-HGIP.;20200520;;453600;2010.01.0012770/2020-36;https://www.sei.mg.gov.br/sei/modulos/pesquisa/md_pesq_processo_exibir.php?IC2o8Z7ACQH4LdQ4jJLJzjPBiLtP6l2FsQacllhUf-duzEubalut9yvd8-CzYYNLu7pd-wiM0k633-D6khhQNQNokXU1GPeDIRmLJvM2Au83nZ9Vb3mOzvUzzUYm7gOo;2012015 000041/2020;NA;NA;http://www.transparencia.mg.gov.br/compras-e-patrimonio/compras-e-contratos/comprasecontratos-procedimento/3/2020/01-01-2020/27-05-2020/1831081/0/0/30348/0/0/0/0/10733/65320034/8733/125245/324182/2012015000041-2020
2020;2270;FHEMIG;18.269.125/0001-87;BIOHOSP PRODUTOS HOSPITALARES SA;Medicamento Norepinefrina 2mg/ml, ampola 4ml;20200601;;264000;2270.01.0022126/2020-49;https://www.sei.mg.gov.br/sei/modulos/pesquisa/md_pesq_processo_exibir.php?IC2o8Z7ACQH4LdQ4jJLJzjPBiLtP6l2FsQacllhUf-duzEubalut9yvd8-CzYYNLu7pd-wiM0k633-D6khhQNQ96LAwQppfQqua3aXvkvSizPgKOBjhvt6cHahgy3lgn;0500005 000054/2020;NA;NA;http://www.transparencia.mg.gov.br/compras-e-patrimonio/compras-e-contratos/comprasecontratos-procedimento/3/2020/01-01-2020/02-06-2020/1831008/0/0/35542/0/0/0/0/5032/21220123/149400/1487353/324765/0500005000054-2020
2020;2270;FHEMIG;41.658.519/0001-49;CENTRAL SUPRIMENTOS LTDA - ME;Placas de Acrílico;20200527;;1635,7;2270.01.0019226/2020-70;https://www.sei.mg.gov.br/sei/modulos/pesquisa/md_pesq_processo_exibir.php?IC2o8Z7ACQH4LdQ4jJLJzjPBiLtP6l2FsQacllhUf-duzEubalut9yvd8-CzYYNLu7pd-wiM0k633-D6khhQNVB_EHlDdvQlG0BKrpoiNgNs5MbO4SxOJWaUHJyA10IE;0505022 000024/2020;NA;NA;http://www.transparencia.mg.gov.br/compras-e-patrimonio/compras-e-contratos/comprasecontratos-procedimento/3/2020/01-01-2020/04-06-2020/1831008/0/0/19011/0/0/0/0/2737/56200293/221355/1759841/324486/0505022000024-2020
2020;2270;FHEMIG;71.402.192/0001-00;DEPOSITO E ELETRICA INCONFINDENTES LTDA;Placa de Acrílico;20200519;;1200;2270.01.0021063/2020-38;https://www.sei.mg.gov.br/sei/modulos/pesquisa/md_pesq_processo_exibir.php?IC2o8Z7ACQH4LdQ4jJLJzjPBiLtP6l2FsQacllhUf-duzEubalut9yvd8-CzYYNLu7pd-wiM0k633-D6khhQNZBSVWGzj7LO4AMvjGbcpymUtNe_E5QH4x_DDV4nw_A9;0505022 000022/2020;NA;NA;http://www.transparencia.mg.gov.br/compras-e-patrimonio/compras-e-contratos/comprasecontratos-procedimento/3/2020/01-01-2020/04-06-2020/1831008/0/0/58671/0/0/0/0/2737/56200293/219618/1758136/323827/0505022000022-2020
