TIPO_INSTRUMENTO;NUM_TERMO_CONTRATO;CODIGO_ORGAO_ESTATAL;NOME_ORGAO_ESTATAL;ORGAO_ESTATAL_SIGLA;ENTIDADE_PARCEIRA_NOME;ENTIDADE_PARCEIRA_SIGLA;ENTIDADE_PARCEIRA_CNPJ;OBJETO;SITUACAO;DATA_INICIO_VIGENCIA;DATA_FIM_VIGENCIA;ANO;REPASSE_PREVISTO;REPASSE_REALIZADO
Contratos de Gestão;001/18;1271;Secretaria de Estado de Cultura;SEC;Instituto Cultural Filarmônica;ICF;07.837.375/0001-50;Desenvolvimento de atividades culturais para a sociedade, voltadas para a difusão da música clássica, por meio da criação, estruturação e manutenção de uma nova orquestra sinfônica para o Estado de Minas Gerais, de natureza privada e sem fins lucrativos, que se denominará Orquestra Filarmônica de Minas Gerais.;Extinto;20181229;20190626;2019;9147651,79;8318281,1
Contratos de Gestão;002/19;1691;Secretaria de Estado de Justiça e Segurança Pública;SEJUSP;Instituto Elo;IELO;07.514.913/0001-75;Co-execução de ações da Política Estadual de Prevenção Social à Criminalidade, propiciando o desenvolvimento das atividades das Unidades e dos Programas de Prevenção Social à Criminalidade definidos pela SESP/SUPEC.;Vigente;20190212;20201231;2019;26624780,2;19507856,81
Contratos de Gestão;002/19;1691;Secretaria de Estado de Justiça e Segurança Pública;SEJUSP;Instituto Elo;IELO;07.514.913/0001-75;Co-execução de ações da Política Estadual de Prevenção Social à Criminalidade, propiciando o desenvolvimento das atividades das Unidades e dos Programas de Prevenção Social à Criminalidade definidos pela SESP/SUPEC.;Vigente;20190212;20201231;2020;26222070,15;0
Contratos de Gestão;003/19;1271;Secretaria de Estado de Cultura e Turismo;SECULT;Instituto Cultural Filarmônica;ICF;07.837.375/0001-50;Desenvolvimento de atividades culturais para a sociedade, voltadas para a difusão da música clássica, por meio da criação, estruturação e manutenção de uma nova orquestra sinfônica para o Estado de Minas Gerais, de natureza privada e sem fins lucrativos, que se denominará Orquestra Filarmônica de Minas Gerais. ;Extinto;20190627;20191223;2019;9150000;6871554,96
Contratos de Gestão;004/19;1271;Secretaria de Estado de Cultura de Minas Gerais;SECULT;Instituto Cultural Filarmônica;ICF;07.837.375/0001-50;Desenvolvimento de atividades culturais para a sociedade, voltadas para a difusão da música clássica, por meio da criação, estruturação e manutenção de uma nova orquestra sinfônica para o Estado de Minas Gerais, de natureza privada e sem fins lucrativos, que se denominará Orquestra Filarmônica de Minas Gerais. ;Vigente;20191221;20200617;2020;8750000;2656287,16
Contratos de Gestão;005/20;2181;Fundação Clóvis Salgado;FCS;Associação Pró-Cultura e Promoção das Artes;APPA;70.945.209/0001-03;Apoiar as áreas temáticas de Programação Artística, Produção Artística, Formação Artística e Tecnológica, realizar a gestão, operação, manutenção, desenvolvimento, implantação, realização e comercialização de serviços e atividades de formação cultural do Centro Técnico de Produção e Formação Raul Belém Machado – CTPF, e realizar Captação de Recursos para as áreas temáticas e para o CTPF.;Vigente;20191231;20231230;2020;5419861,49;1059246,2
Termos de Parceria;001/05;1481;Secretaria de Estado de Desenvolvimento Social;SEDESE;Organização para a Educação e Extensão da Cidadania;ECO;05.381.244/0001-85;Implantação de uma Escola - Unidade Produtiva de Papel Artesanal Reciclado no Centro Público de Promoção do Trabalho - CPPT, cujas finalidade são informar, formar, qualificar e capacitar detentos em regime aberto e semi-aberto do CERESP e moradores da região, na produção manual de papel reciclado artesanal e produtos derivados da reciclagem, reutilização e reaproveitamento de resíduos sólidos, oferecendo cursos de educação ambiental, construindo conhecimento e fomentando a prática em torno da reciclagem, preservação ambiental, na geração de trabalho e renda e no combate a pobreza.;Extinto;20050628;20060628;2005;130332,2;130332,2
Termos de Parceria;001/05;1481;Secretaria de Estado de Desenvolvimento Social;SEDESE;Organização para a Educação e Extensão da Cidadania;ECO;05.381.244/0001-85;Implantação de uma Escola - Unidade Produtiva de Papel Artesanal Reciclado no Centro Público de Promoção do Trabalho - CPPT, cujas finalidade são informar, formar, qualificar e capacitar detentos em regime aberto e semi-aberto do CERESP e moradores da região, na produção manual de papel reciclado artesanal e produtos derivados da reciclagem, reutilização e reaproveitamento de resíduos sólidos, oferecendo cursos de educação ambiental, construindo conhecimento e fomentando a prática em torno da reciclagem, preservação ambiental, na geração de trabalho e renda e no combate a pobreza.;Extinto;20050628;20060628;2006;56306,6;56306,6
Termos de Parceria;002/05;1451;Secretaria de Estado de Defesa Social;SEDS;Instituto Elo;ELO;07.514.913/0001-75;"Desenvolver ações relativas à prevenção social da criminalidade e da violência, por meio da implantação, desenvolvimento e consolidação de Centros de Prevenção à Criminalidade - CPCs que: a) - previnam o ingresso de jovens na criminalidade; b) - realizem o monitoramento de Penas e Medidas Alternativas; c) - promovam, por meio de atendimento psicossocial, a educação e capacitação profissional do Egresso do sistema Penitenciário, objetivando uma efetiva integração social; d) - estabeleçam ações de Mediação; e) - realizem e promovam ações de enfrentamento ao tráfico de pessoas.";Extinto;20050914;20160229;2005;3705703,8;3705703,8
Termos de Parceria;002/05;1451;Secretaria de Estado de Defesa Social;SEDS;Instituto Elo;ELO;07.514.913/0001-75;"Desenvolver ações relativas à prevenção social da criminalidade e da violência, por meio da implantação, desenvolvimento e consolidação de Centros de Prevenção à Criminalidade - CPCs que: a) - previnam o ingresso de jovens na criminalidade; b) - realizem o monitoramento de Penas e Medidas Alternativas; c) - promovam, por meio de atendimento psicossocial, a educação e capacitação profissional do Egresso do sistema Penitenciário, objetivando uma efetiva integração social; d) - estabeleçam ações de Mediação; e) - realizem e promovam ações de enfrentamento ao tráfico de pessoas.";Extinto;20050914;20160229;2006;2728933,38;2274111,15
Termos de Parceria;002/05;1451;Secretaria de Estado de Defesa Social;SEDS;Instituto Elo;ELO;07.514.913/0001-75;"Desenvolver ações relativas à prevenção social da criminalidade e da violência, por meio da implantação, desenvolvimento e consolidação de Centros de Prevenção à Criminalidade - CPCs que: a) - previnam o ingresso de jovens na criminalidade; b) - realizem o monitoramento de Penas e Medidas Alternativas; c) - promovam, por meio de atendimento psicossocial, a educação e capacitação profissional do Egresso do sistema Penitenciário, objetivando uma efetiva integração social; d) - estabeleçam ações de Mediação; e) - realizem e promovam ações de enfrentamento ao tráfico de pessoas.";Extinto;20050914;20160229;2007;8028206,2;8483028,38
Termos de Parceria;002/05;1451;Secretaria de Estado de Defesa Social;SEDS;Instituto Elo;ELO;07.514.913/0001-75;"Desenvolver ações relativas à prevenção social da criminalidade e da violência, por meio da implantação, desenvolvimento e consolidação de Centros de Prevenção à Criminalidade - CPCs que: a) - previnam o ingresso de jovens na criminalidade; b) - realizem o monitoramento de Penas e Medidas Alternativas; c) - promovam, por meio de atendimento psicossocial, a educação e capacitação profissional do Egresso do sistema Penitenciário, objetivando uma efetiva integração social; d) - estabeleçam ações de Mediação; e) - realizem e promovam ações de enfrentamento ao tráfico de pessoas.";Extinto;20050914;20160229;2008;9389816,8;9389816,76
Termos de Parceria;002/05;1451;Secretaria de Estado de Defesa Social;SEDS;Instituto Elo;ELO;07.514.913/0001-75;"Desenvolver ações relativas à prevenção social da criminalidade e da violência, por meio da implantação, desenvolvimento e consolidação de Centros de Prevenção à Criminalidade - CPCs que: a) - previnam o ingresso de jovens na criminalidade; b) - realizem o monitoramento de Penas e Medidas Alternativas; c) - promovam, por meio de atendimento psicossocial, a educação e capacitação profissional do Egresso do sistema Penitenciário, objetivando uma efetiva integração social; d) - estabeleçam ações de Mediação; e) - realizem e promovam ações de enfrentamento ao tráfico de pessoas.";Extinto;20050914;20160229;2009;11652140,8;11652140,8
Termos de Parceria;002/05;1451;Secretaria de Estado de Defesa Social;SEDS;Instituto Elo;ELO;07.514.913/0001-75;"Desenvolver ações relativas à prevenção social da criminalidade e da violência, por meio da implantação, desenvolvimento e consolidação de Centros de Prevenção à Criminalidade - CPCs que: a) - previnam o ingresso de jovens na criminalidade; b) - realizem o monitoramento de Penas e Medidas Alternativas; c) - promovam, por meio de atendimento psicossocial, a educação e capacitação profissional do Egresso do sistema Penitenciário, objetivando uma efetiva integração social; d) - estabeleçam ações de Mediação; e) - realizem e promovam ações de enfrentamento ao tráfico de pessoas.";Extinto;20050914;20160229;2010;15644185;15644185
Termos de Parceria;002/05;1451;Secretaria de Estado de Defesa Social;SEDS;Instituto Elo;ELO;07.514.913/0001-75;"Desenvolver ações relativas à prevenção social da criminalidade e da violência, por meio da implantação, desenvolvimento e consolidação de Centros de Prevenção à Criminalidade - CPCs que: a) - previnam o ingresso de jovens na criminalidade; b) - realizem o monitoramento de Penas e Medidas Alternativas; c) - promovam, por meio de atendimento psicossocial, a educação e capacitação profissional do Egresso do sistema Penitenciário, objetivando uma efetiva integração social; d) - estabeleçam ações de Mediação; e) - realizem e promovam ações de enfrentamento ao tráfico de pessoas.";Extinto;20050914;20160229;2011;14580473,35;14580473,35
Termos de Parceria;002/05;1451;Secretaria de Estado de Defesa Social;SEDS;Instituto Elo;ELO;07.514.913/0001-75;"Desenvolver ações relativas à prevenção social da criminalidade e da violência, por meio da implantação, desenvolvimento e consolidação de Centros de Prevenção à Criminalidade - CPCs que: a) - previnam o ingresso de jovens na criminalidade; b) - realizem o monitoramento de Penas e Medidas Alternativas; c) - promovam, por meio de atendimento psicossocial, a educação e capacitação profissional do Egresso do sistema Penitenciário, objetivando uma efetiva integração social; d) - estabeleçam ações de Mediação; e) - realizem e promovam ações de enfrentamento ao tráfico de pessoas.";Extinto;20050914;20160229;2012;21204742,96;20797652,17
Termos de Parceria;002/05;1451;Secretaria de Estado de Defesa Social;SEDS;Instituto Elo;ELO;07.514.913/0001-75;"Desenvolver ações relativas à prevenção social da criminalidade e da violência, por meio da implantação, desenvolvimento e consolidação de Centros de Prevenção à Criminalidade - CPCs que: a) - previnam o ingresso de jovens na criminalidade; b) - realizem o monitoramento de Penas e Medidas Alternativas; c) - promovam, por meio de atendimento psicossocial, a educação e capacitação profissional do Egresso do sistema Penitenciário, objetivando uma efetiva integração social; d) - estabeleçam ações de Mediação; e) - realizem e promovam ações de enfrentamento ao tráfico de pessoas.";Extinto;20050914;20160229;2013;28437819,67;24521237,62
Termos de Parceria;002/05;1451;Secretaria de Estado de Defesa Social;SEDS;Instituto Elo;ELO;07.514.913/0001-75;"Desenvolver ações relativas à prevenção social da criminalidade e da violência, por meio da implantação, desenvolvimento e consolidação de Centros de Prevenção à Criminalidade - CPCs que: a) - previnam o ingresso de jovens na criminalidade; b) - realizem o monitoramento de Penas e Medidas Alternativas; c) - promovam, por meio de atendimento psicossocial, a educação e capacitação profissional do Egresso do sistema Penitenciário, objetivando uma efetiva integração social; d) - estabeleçam ações de Mediação; e) - realizem e promovam ações de enfrentamento ao tráfico de pessoas.";Extinto;20050914;20160229;2014;28073042,88;15604844,82
Termos de Parceria;002/05;1451;Secretaria de Estado de Defesa Social;SEDS;Instituto Elo;ELO;07.514.913/0001-75;"Desenvolver ações relativas à prevenção social da criminalidade e da violência, por meio da implantação, desenvolvimento e consolidação de Centros de Prevenção à Criminalidade - CPCs que: a) - previnam o ingresso de jovens na criminalidade; b) - realizem o monitoramento de Penas e Medidas Alternativas; c) - promovam, por meio de atendimento psicossocial, a educação e capacitação profissional do Egresso do sistema Penitenciário, objetivando uma efetiva integração social; d) - estabeleçam ações de Mediação; e) - realizem e promovam ações de enfrentamento ao tráfico de pessoas.";Extinto;20050914;20160229;2015;26103861,88;24742729,64
Termos de Parceria;002/05;1451;Secretaria de Estado de Defesa Social;SEDS;Instituto Elo;ELO;07.514.913/0001-75;"Desenvolver ações relativas à prevenção social da criminalidade e da violência, por meio da implantação, desenvolvimento e consolidação de Centros de Prevenção à Criminalidade - CPCs que: a) - previnam o ingresso de jovens na criminalidade; b) - realizem o monitoramento de Penas e Medidas Alternativas; c) - promovam, por meio de atendimento psicossocial, a educação e capacitação profissional do Egresso do sistema Penitenciário, objetivando uma efetiva integração social; d) - estabeleçam ações de Mediação; e) - realizem e promovam ações de enfrentamento ao tráfico de pessoas.";Extinto;20050914;20160229;2016;8641463,17;7674492,8
Termos de Parceria;003/05;2111;Fundação Rural Mineira;FRM;Associação Mineira da Promoção das Entidades de Interesse social;AMEIS;05.921.357/0001-26;"Elaboração da ""Agenda 21"" nos municípios de São Roque de Minas e Vargem Bonita na Bacia Hidrográfica do Rio São Francisco visando a proteção das nascentes, a redução do  lixo e a conscientização e mobilização da população quanto a necessidade de preservação do meio ambiente dentro da metodologia do programa ""Gente cuidando das águas'";Extinto;20050922;20060821;2005;66680;66680
Termos de Parceria;003/05;2111;Fundação Rural Mineira;FRM;Associação Mineira da Promoção das Entidades de Interesse social;AMEIS;05.921.357/0001-26;"Elaboração da ""Agenda 21"" nos municípios de São Roque de Minas e Vargem Bonita na Bacia Hidrográfica do Rio São Francisco visando a proteção das nascentes, a redução do  lixo e a conscientização e mobilização da população quanto a necessidade de preservação do meio ambiente dentro da metodologia do programa ""Gente cuidando das águas'";Extinto;20050922;20060821;2006;103320;103320
Termos de Parceria;004/05;1481;Secretaria de Estado de Desenvolvimento Social;SEDESE;Humanizarte;HUMANIZARTE;05.521.086/0001-11;" Desenvolvimento de ações relativas à melhoria do desporto educacional e de rendimento por meio da implantação do Programa Minas Olímpica, visando, principalmente, o aperfeiçoamento do ensino esportivo no Estado de Minas Gerais; o apoio e aperfeiçoamento da prática esportiva de rendimento e a formação e apoio a atletas paraolímpicos.";Extinto;20051121;20070413;2005;1620000;1620000
Termos de Parceria;004/05;1481;Secretaria de Estado de Desenvolvimento Social;SEDESE;Humanizarte;HUMANIZARTE;05.521.086/0001-11;" Desenvolvimento de ações relativas à melhoria do desporto educacional e de rendimento por meio da implantação do Programa Minas Olímpica, visando, principalmente, o aperfeiçoamento do ensino esportivo no Estado de Minas Gerais; o apoio e aperfeiçoamento da prática esportiva de rendimento e a formação e apoio a atletas paraolímpicos.";Extinto;20051121;20070413;2006;1305000;1305000
Termos de Parceria;005/05;2211;Fundação TV Minas Cultural e Educativa;FTVM;Associação de Des. da Radiodifusão de Minas Gerais ;ADTV;07.650.733/0001-10;Fomento, execução e promoção de atividades culturais, educativas e informativas, por meio da produção e veiculação de radiodifusão.;Extinto;20051201;20151231;2005;2700000;2307717,41
Termos de Parceria;005/05;2211;Fundação TV Minas Cultural e Educativa;FTVM;Associação de Des. da Radiodifusão de Minas Gerais ;ADTV;07.650.733/0001-10;Fomento, execução e promoção de atividades culturais, educativas e informativas, por meio da produção e veiculação de radiodifusão.;Extinto;20051201;20151231;2006;9906982,4;9906982,4
Termos de Parceria;005/05;2211;Fundação TV Minas Cultural e Educativa;FTVM;Associação de Des. da Radiodifusão de Minas Gerais ;ADTV;07.650.733/0001-10;Fomento, execução e promoção de atividades culturais, educativas e informativas, por meio da produção e veiculação de radiodifusão.;Extinto;20051201;20151231;2007;13585726,19;13585726,19
Termos de Parceria;005/05;2211;Fundação TV Minas Cultural e Educativa;FTVM;Associação de Des. da Radiodifusão de Minas Gerais ;ADTV;07.650.733/0001-10;Fomento, execução e promoção de atividades culturais, educativas e informativas, por meio da produção e veiculação de radiodifusão.;Extinto;20051201;20151231;2008;10800000;10800000
Termos de Parceria;005/05;2211;Fundação TV Minas Cultural e Educativa;FTVM;Associação de Des. da Radiodifusão de Minas Gerais ;ADTV;07.650.733/0001-10;Fomento, execução e promoção de atividades culturais, educativas e informativas, por meio da produção e veiculação de radiodifusão.;Extinto;20051201;20151231;2009;13286000;13272800
Termos de Parceria;005/05;2211;Fundação TV Minas Cultural e Educativa;FTVM;Associação de Des. da Radiodifusão de Minas Gerais ;ADTV;07.650.733/0001-10;Fomento, execução e promoção de atividades culturais, educativas e informativas, por meio da produção e veiculação de radiodifusão.;Extinto;20051201;20151231;2010;16227127;16222605
Termos de Parceria;005/05;2211;Fundação TV Minas Cultural e Educativa;FTVM;Associação de Des. da Radiodifusão de Minas Gerais ;ADTV;07.650.733/0001-10;Fomento, execução e promoção de atividades culturais, educativas e informativas, por meio da produção e veiculação de radiodifusão.;Extinto;20051201;20151231;2011;22996436;22996436
Termos de Parceria;005/05;2211;Fundação TV Minas Cultural e Educativa;FTVM;Associação de Des. da Radiodifusão de Minas Gerais ;ADTV;07.650.733/0001-10;Fomento, execução e promoção de atividades culturais, educativas e informativas, por meio da produção e veiculação de radiodifusão.;Extinto;20051201;20151231;2012;23946866,89;23946866,89
Termos de Parceria;005/05;2211;Fundação TV Minas Cultural e Educativa;FTVM;Associação de Des. da Radiodifusão de Minas Gerais ;ADTV;07.650.733/0001-10;Fomento, execução e promoção de atividades culturais, educativas e informativas, por meio da produção e veiculação de radiodifusão.;Extinto;20051201;20151231;2013;25856376,14;25856376,14
Termos de Parceria;005/05;2211;Fundação TV Minas Cultural e Educativa;FTVM;Associação de Des. da Radiodifusão de Minas Gerais ;ADTV;07.650.733/0001-10;Fomento, execução e promoção de atividades culturais, educativas e informativas, por meio da produção e veiculação de radiodifusão.;Extinto;20051201;20151231;2014;23507847,32;23507847,32
Termos de Parceria;005/05;2211;Fundação TV Minas Cultural e Educativa;FTVM;Associação de Des. da Radiodifusão de Minas Gerais ;ADTV;07.650.733/0001-10;Fomento, execução e promoção de atividades culturais, educativas e informativas, por meio da produção e veiculação de radiodifusão.;Extinto;20051201;20151231;2015;4999877,66;0
Termos de Parceria;006/05;2181;Fundação Clóvis Salgado;FCS;Instituto Cultural Sérgio Magnani;ICSM;06.922.630/0001-08;Apoiar a produção, exibição e formação artística mineira por meio de apoio a gestão e geração de recursos para a viabilização de projetos e efetiva execução de projetos e programas do Sistema Estadual de Cultura, especialmente da Fundação Clóvis Salgado.;Extinto;20051223;20151231;2005;461000;461000
Termos de Parceria;006/05;2181;Fundação Clóvis Salgado;FCS;Instituto Cultural Sérgio Magnani;ICSM;06.922.630/0001-08;Apoiar a produção, exibição e formação artística mineira por meio de apoio a gestão e geração de recursos para a viabilização de projetos e efetiva execução de projetos e programas do Sistema Estadual de Cultura, especialmente da Fundação Clóvis Salgado.;Extinto;20051223;20151231;2006;385000;0
Termos de Parceria;006/05;2181;Fundação Clóvis Salgado;FCS;Instituto Cultural Sérgio Magnani;ICSM;06.922.630/0001-08;Apoiar a produção, exibição e formação artística mineira por meio de apoio a gestão e geração de recursos para a viabilização de projetos e efetiva execução de projetos e programas do Sistema Estadual de Cultura, especialmente da Fundação Clóvis Salgado.;Extinto;20051223;20151231;2007;666169;666169
Termos de Parceria;006/05;2181;Fundação Clóvis Salgado;FCS;Instituto Cultural Sérgio Magnani;ICSM;06.922.630/0001-08;Apoiar a produção, exibição e formação artística mineira por meio de apoio a gestão e geração de recursos para a viabilização de projetos e efetiva execução de projetos e programas do Sistema Estadual de Cultura, especialmente da Fundação Clóvis Salgado.;Extinto;20051223;20151231;2008;980000;1280000
Termos de Parceria;006/05;2181;Fundação Clóvis Salgado;FCS;Instituto Cultural Sérgio Magnani;ICSM;06.922.630/0001-08;Apoiar a produção, exibição e formação artística mineira por meio de apoio a gestão e geração de recursos para a viabilização de projetos e efetiva execução de projetos e programas do Sistema Estadual de Cultura, especialmente da Fundação Clóvis Salgado.;Extinto;20051223;20151231;2009;1024100;1023946,49
Termos de Parceria;006/05;2181;Fundação Clóvis Salgado;FCS;Instituto Cultural Sérgio Magnani;ICSM;06.922.630/0001-08;Apoiar a produção, exibição e formação artística mineira por meio de apoio a gestão e geração de recursos para a viabilização de projetos e efetiva execução de projetos e programas do Sistema Estadual de Cultura, especialmente da Fundação Clóvis Salgado.;Extinto;20051223;20151231;2010;1181895,93;1109442
Termos de Parceria;006/05;2181;Fundação Clóvis Salgado;FCS;Instituto Cultural Sérgio Magnani;ICSM;06.922.630/0001-08;Apoiar a produção, exibição e formação artística mineira por meio de apoio a gestão e geração de recursos para a viabilização de projetos e efetiva execução de projetos e programas do Sistema Estadual de Cultura, especialmente da Fundação Clóvis Salgado.;Extinto;20051223;20151231;2011;1300086;1300086
Termos de Parceria;006/05;2181;Fundação Clóvis Salgado;FCS;Instituto Cultural Sérgio Magnani;ICSM;06.922.630/0001-08;Apoiar a produção, exibição e formação artística mineira por meio de apoio a gestão e geração de recursos para a viabilização de projetos e efetiva execução de projetos e programas do Sistema Estadual de Cultura, especialmente da Fundação Clóvis Salgado.;Extinto;20051223;20151231;2012;1043999,99;1036641,96
Termos de Parceria;006/05;2181;Fundação Clóvis Salgado;FCS;Instituto Cultural Sérgio Magnani;ICSM;06.922.630/0001-08;Apoiar a produção, exibição e formação artística mineira por meio de apoio a gestão e geração de recursos para a viabilização de projetos e efetiva execução de projetos e programas do Sistema Estadual de Cultura, especialmente da Fundação Clóvis Salgado.;Extinto;20051223;20151231;2013;1408421,75;1367844,04
Termos de Parceria;006/05;2181;Fundação Clóvis Salgado;FCS;Instituto Cultural Sérgio Magnani;ICSM;06.922.630/0001-08;Apoiar a produção, exibição e formação artística mineira por meio de apoio a gestão e geração de recursos para a viabilização de projetos e efetiva execução de projetos e programas do Sistema Estadual de Cultura, especialmente da Fundação Clóvis Salgado.;Extinto;20051223;20151231;2014;2108421,14;2108422
Termos de Parceria;006/05;2181;Fundação Clóvis Salgado;FCS;Instituto Cultural Sérgio Magnani;ICSM;06.922.630/0001-08;Apoiar a produção, exibição e formação artística mineira por meio de apoio a gestão e geração de recursos para a viabilização de projetos e efetiva execução de projetos e programas do Sistema Estadual de Cultura, especialmente da Fundação Clóvis Salgado.;Extinto;20051223;20151231;2015;2600000;2120000,01
Termos de Parceria;007/06;2181;Fundação Clóvis Salgado;FCS;Instituto Cultural Orquestra Sinfônica;ICOS;07.837.375/0001-50;Desenvolver atividades culturais para a sociedade, voltadas para a difusão da música erudita, por meio do fomento à atuação da orquestra sinfônica.;Extinto;20060605;20080201;2006;733548;733548
Termos de Parceria;007/06;2181;Fundação Clóvis Salgado;FCS;Instituto Cultural Orquestra Sinfônica;ICOS;07.837.375/0001-50;Desenvolver atividades culturais para a sociedade, voltadas para a difusão da música erudita, por meio do fomento à atuação da orquestra sinfônica.;Extinto;20060605;20080201;2007;1077432,2;1077432,2
Termos de Parceria;008/06;1471;Secretaria de Estado de Desenvolvimento Regional e Política Urbana;SEDRU;Instituto Horizontes;IH;04.161.427/0001-22; A elaboração de estudos e diagnósticos necessários para fornecer subsídios à Secretaria de Estado de Desenvolvimento Regional e Política Urbana para que esta possa desenvolver, posteriormente, com ampla participação da sociedade civil, como preconiza a Lei Federal nº 10.257, de 10 de julho de 2001 - Estatuto da Cidade, o seu Programa de Desenvolvimento e Gestão da Região Metropolitana de Belo Horizonte, nos termos do Projeto selecionado no Concurso de Projetos n. 01/2005 – SEDRU.;Extinto;20060606;20071206;2006;346000;346000
Termos de Parceria;009/06;1321;Secretaria de Estado de Saúde;SES;Associação Saúde Solidária;ASAS;07.052.261/0001-02;"Promover a assistência e melhoria da qualidade de vida às pessoas vivendo com HIV / AIDS através de atividade física orientada em academia de ginástica, visando, especificamente, a prevenção e melhora da lipodistrofia, dislipidemias e morbidades correlatas associadas à terapia antiretroviral.
";Extinto;20060607;20070530;2006;54770;54770
Termos de Parceria;010/06;1321;Secretaria de Estado de Saúde;SES;Associação Mineira dos Portadores de Vírus de Hepatite C;AMIPHEC;04.706.067/0001-05;Implementar ações de assistência aos portadores do vírus de hepatite, em suas várias classificações, e seus familiares, bem como atuar na prevenção da doença por meio da divulgação sistemática de informações científicas.;Extinto;20060607;20070905;2006;308025;308025
Termos de Parceria;010/06;1321;Secretaria de Estado de Saúde;SES;Associação Mineira dos Portadores de Vírus de Hepatite C;AMIPHEC;04.706.067/0001-05;Implementar ações de assistência aos portadores do vírus de hepatite, em suas várias classificações, e seus familiares, bem como atuar na prevenção da doença por meio da divulgação sistemática de informações científicas.;Extinto;20060607;20070905;2007;85575;85575
Termos de Parceria;011/06;1501;Secretaria de Estado de Planejamento e Gestão;SEPLAG;Instituto para a Promoção da Saúde e da Qualidade de Vida do Trabalhador;QUALIVIDA;02.188.083/0004-62;Implantação e gestão de uma unidade de atendimento integrado na Região do Bairro Veneza, no município de Ribeirão das Neves, fornecendo informações e viabilizando o acesso a serviços públicos, além da consolidação de uma metodologia replicável de gestão integrada da unidade de atendimento.;Extinto;20060719;20070927;2006;993425,4;448729,05
Termos de Parceria;011/06;1501;Secretaria de Estado de Planejamento e Gestão;SEPLAG;Instituto para a Promoção da Saúde e da Qualidade de Vida do Trabalhador;QUALIVIDA;02.188.083/0004-62;Implantação e gestão de uma unidade de atendimento integrado na Região do Bairro Veneza, no município de Ribeirão das Neves, fornecendo informações e viabilizando o acesso a serviços públicos, além da consolidação de uma metodologia replicável de gestão integrada da unidade de atendimento.;Extinto;20060719;20070927;2007;0;544696,35
Termos de Parceria;012/06;1261;Secretaria de Estado de Educação;SEE;Instituto Hartmann Regueira;IHR;05.859.769/0001-83;"Desenvolvimento do Projeto Escolas em Rede nas escolas Referência e Associadas (nomenclatura utilizada no Termo de Parceria 62.1.3.1301/2006), bem como nas Escolas de Ensino Médio do Estado de Minas Gerais, no escopo do Projeto Estruturador “Novos Padrões de Gestão e Atendimento da Educação Básica"". Abarca-se uma série de atividades como a inclusão digital de professores, alunos e comunidades, a facilitação do gerenciamento das Escolas-Referência e Associadas (nomenclatura utilizada no Termo de Parceria 62.1.3.1301/2006), bem como das Escolas de Ensino Médio do Estado de Minas Gerais e o desenvolvimento do Centro de Referência Virtual do Professor.";Extinto;20061227;20091231;2007;9542448,68;9542448,68
Termos de Parceria;012/06;1261;Secretaria de Estado de Educação;SEE;Instituto Hartmann Regueira;IHR;05.859.769/0001-83;"Desenvolvimento do Projeto Escolas em Rede nas escolas Referência e Associadas (nomenclatura utilizada no Termo de Parceria 62.1.3.1301/2006), bem como nas Escolas de Ensino Médio do Estado de Minas Gerais, no escopo do Projeto Estruturador “Novos Padrões de Gestão e Atendimento da Educação Básica"". Abarca-se uma série de atividades como a inclusão digital de professores, alunos e comunidades, a facilitação do gerenciamento das Escolas-Referência e Associadas (nomenclatura utilizada no Termo de Parceria 62.1.3.1301/2006), bem como das Escolas de Ensino Médio do Estado de Minas Gerais e o desenvolvimento do Centro de Referência Virtual do Professor.";Extinto;20061227;20091231;2008;8066415,56;5275321,56
Termos de Parceria;012/06;1261;Secretaria de Estado de Educação;SEE;Instituto Hartmann Regueira;IHR;05.859.769/0001-83;"Desenvolvimento do Projeto Escolas em Rede nas escolas Referência e Associadas (nomenclatura utilizada no Termo de Parceria 62.1.3.1301/2006), bem como nas Escolas de Ensino Médio do Estado de Minas Gerais, no escopo do Projeto Estruturador “Novos Padrões de Gestão e Atendimento da Educação Básica"". Abarca-se uma série de atividades como a inclusão digital de professores, alunos e comunidades, a facilitação do gerenciamento das Escolas-Referência e Associadas (nomenclatura utilizada no Termo de Parceria 62.1.3.1301/2006), bem como das Escolas de Ensino Médio do Estado de Minas Gerais e o desenvolvimento do Centro de Referência Virtual do Professor.";Extinto;20061227;20091231;2009;3463119,9;6254213,9
Termos de Parceria;013/07;1451;Secretaria de Estado de Defesa Social;SEDS;Associação Preparatória de Cidadãos do Amanhã;APRECIA;07.098.076/0001-40;"Promover a qualificação, o aperfeiçoamento e a orientação profissional dos beneficiários dos Programas: a) FICA VIVO!; b) CEAPA; c) Egressos; d) Mediação de Conflitos, viabilizando sua inclusão no mercado de trabalho para prevenção da criminalidade.";Extinto;20070201;20100329;2007;1306312,44;1250144,67
Termos de Parceria;013/07;1451;Secretaria de Estado de Defesa Social;SEDS;Associação Preparatória de Cidadãos do Amanhã;APRECIA;07.098.076/0001-40;"Promover a qualificação, o aperfeiçoamento e a orientação profissional dos beneficiários dos Programas: a) FICA VIVO!; b) CEAPA; c) Egressos; d) Mediação de Conflitos, viabilizando sua inclusão no mercado de trabalho para prevenção da criminalidade.";Extinto;20070201;20100329;2008;1306167,75;1362335,52
Termos de Parceria;013/07;1451;Secretaria de Estado de Defesa Social;SEDS;Associação Preparatória de Cidadãos do Amanhã;APRECIA;07.098.076/0001-40;"Promover a qualificação, o aperfeiçoamento e a orientação profissional dos beneficiários dos Programas: a) FICA VIVO!; b) CEAPA; c) Egressos; d) Mediação de Conflitos, viabilizando sua inclusão no mercado de trabalho para prevenção da criminalidade.";Extinto;20070201;20100329;2009;1333606,11;1333606,11
Termos de Parceria;013/07;1451;Secretaria de Estado de Defesa Social;SEDS;Associação Preparatória de Cidadãos do Amanhã;APRECIA;07.098.076/0001-40;"Promover a qualificação, o aperfeiçoamento e a orientação profissional dos beneficiários dos Programas: a) FICA VIVO!; b) CEAPA; c) Egressos; d) Mediação de Conflitos, viabilizando sua inclusão no mercado de trabalho para prevenção da criminalidade.";Extinto;20070201;20100329;2010;266393,89;227325,84
Termos de Parceria;014/07;1531;Secretaria de Estado de Esportes e da Juventude;SEEJ;De Peito Aberto - Incentivo ao Esporte;DePA;07.952.460/0001-69;Execução do Programa Minas Olímpica Jogos do Interior de Minas - JIMI - 2007, visando o aperfeiçoamento da gestão dos jogos e a melhoria do nível técnico dos participantes.;Extinto;20070223;20081031;2007;1717000;1717000
Termos de Parceria;014/07;1531;Secretaria de Estado de Esportes e da Juventude;SEEJ;De Peito Aberto - Incentivo ao Esporte;DePA;07.952.460/0001-69;Execução do Programa Minas Olímpica Jogos do Interior de Minas - JIMI - 2007, visando o aperfeiçoamento da gestão dos jogos e a melhoria do nível técnico dos participantes.;Extinto;20070223;20081031;2008;1793532;1793000
Termos de Parceria;015/07;1531;Secretaria de Estado de Esportes e da Juventude;SEEJ;Instituto Brasileiro p/ o Des. do Esporte, Educação e Cultura;IBDEEC;08.335.313/0001-02;Execução do Programa Minas Olímpica Jogos Escolares de Minas Gerais - JEMG 2007, visando o aperfeiçoamento da gestão dos jogos e a melhoria do nível técnico dos participantes.;Extinto;20070330;20081130;2007;2973400;3000000
Termos de Parceria;015/07;1531;Secretaria de Estado de Esportes e da Juventude;SEEJ;Instituto Brasileiro p/ o Des. do Esporte, Educação e Cultura;IBDEEC;08.335.313/0001-02;Execução do Programa Minas Olímpica Jogos Escolares de Minas Gerais - JEMG 2007, visando o aperfeiçoamento da gestão dos jogos e a melhoria do nível técnico dos participantes.;Extinto;20070330;20081130;2008;2715569;2715569
Termos de Parceria;016/07;1481;Secretaria de Estado de Desenvolvimento Social;SEDESE;Centro Integrado de Estudos e Programas de Desenvolvimento Sustentável;CIEDS;02.680.126/0001-22;Implementação e monitoramento das ações do Programa Poupança Jovem, no Estado de Minas Gerais, visando aumentar a taxa de conclusão do ensino médio, preparando os jovens para o ingresso na vida adulta e oferecendo-lhes a oportunidade de desenvolvimento pessoal e social. ;Extinto;20070724;20090331;2007;3662399,82;1851087,44
Termos de Parceria;016/07;1481;Secretaria de Estado de Desenvolvimento Social;SEDESE;Centro Integrado de Estudos e Programas de Desenvolvimento Sustentável;CIEDS;02.680.126/0001-22;Implementação e monitoramento das ações do Programa Poupança Jovem, no Estado de Minas Gerais, visando aumentar a taxa de conclusão do ensino médio, preparando os jovens para o ingresso na vida adulta e oferecendo-lhes a oportunidade de desenvolvimento pessoal e social. ;Extinto;20070724;20090331;2008;13617176,97;6247075,15
Termos de Parceria;017/07;1491;Secretaria de Estado de Governo;SEGOV;Movimento das Donas de Casa e Consumidores de Minas Gerais;MDC-MG;20.966.842/0001-00;Promoção da defesa dos direitos do consumidor, por meio da assistência jurídica, do apoio à geração de trabalho e renda e da educação para o consumo consciente.;Extinto;20070905;20141231;2007;399824,4;233230,9
Termos de Parceria;017/07;1491;Secretaria de Estado de Governo;SEGOV;Movimento das Donas de Casa e Consumidores de Minas Gerais;MDC-MG;20.966.842/0001-00;Promoção da defesa dos direitos do consumidor, por meio da assistência jurídica, do apoio à geração de trabalho e renda e da educação para o consumo consciente.;Extinto;20070905;20141231;2008;786010,3;711311,75
Termos de Parceria;017/07;1491;Secretaria de Estado de Governo;SEGOV;Movimento das Donas de Casa e Consumidores de Minas Gerais;MDC-MG;20.966.842/0001-00;Promoção da defesa dos direitos do consumidor, por meio da assistência jurídica, do apoio à geração de trabalho e renda e da educação para o consumo consciente.;Extinto;20070905;20141231;2009;999998,3;1241290,35
Termos de Parceria;017/07;1491;Secretaria de Estado de Governo;SEGOV;Movimento das Donas de Casa e Consumidores de Minas Gerais;MDC-MG;20.966.842/0001-00;Promoção da defesa dos direitos do consumidor, por meio da assistência jurídica, do apoio à geração de trabalho e renda e da educação para o consumo consciente.;Extinto;20070905;20141231;2010;758541;758541
Termos de Parceria;017/07;1491;Secretaria de Estado de Governo;SEGOV;Movimento das Donas de Casa e Consumidores de Minas Gerais;MDC-MG;20.966.842/0001-00;Promoção da defesa dos direitos do consumidor, por meio da assistência jurídica, do apoio à geração de trabalho e renda e da educação para o consumo consciente.;Extinto;20070905;20141231;2011;834396;834396
Termos de Parceria;017/07;1491;Secretaria de Estado de Governo;SEGOV;Movimento das Donas de Casa e Consumidores de Minas Gerais;MDC-MG;20.966.842/0001-00;Promoção da defesa dos direitos do consumidor, por meio da assistência jurídica, do apoio à geração de trabalho e renda e da educação para o consumo consciente.;Extinto;20070905;20141231;2012;834396;834396
Termos de Parceria;017/07;1491;Secretaria de Estado de Governo;SEGOV;Movimento das Donas de Casa e Consumidores de Minas Gerais;MDC-MG;20.966.842/0001-00;Promoção da defesa dos direitos do consumidor, por meio da assistência jurídica, do apoio à geração de trabalho e renda e da educação para o consumo consciente.;Extinto;20070905;20141231;2013;834396;834396
Termos de Parceria;017/07;1491;Secretaria de Estado de Governo;SEGOV;Movimento das Donas de Casa e Consumidores de Minas Gerais;MDC-MG;20.966.842/0001-00;Promoção da defesa dos direitos do consumidor, por meio da assistência jurídica, do apoio à geração de trabalho e renda e da educação para o consumo consciente.;Extinto;20070905;20141231;2014;834396,0036;834396,0036
Termos de Parceria;018/07;1501;Secretaria de Estado de Planejamento e Gestão;SEPLAG;Centro Mineiro de Alianças Intersetoriais;CEMAIS;08.415.255/0001-27;"Implantação e gestão de atividades denominadas como Instituto de Governança Social - IGS, que compreende:
a) capacitação de integrantes de Conselhos de Políticas Públicas Estaduais e Municipais, gestores governamentais e integrantes dos quadros das Associações e Fundações de Direito Privado, em tecnologia e métodos de gestão;
b) produção e difusão de conhecimento em tecnologias de gestão social, por meio da realização de pesquisas, elaboração de material didático e publicações temáticas relacionadas à gestão, governança e controle sociais;
c) assessoramento - via internet ou telefone - especialmente ao público especificado no item a) referente às temáticas alvo dos cursos e seminários.";Extinto;20071015;20110131;2007;516533,89;516533,89
Termos de Parceria;018/07;1501;Secretaria de Estado de Planejamento e Gestão;SEPLAG;Centro Mineiro de Alianças Intersetoriais;CEMAIS;08.415.255/0001-27;"Implantação e gestão de atividades denominadas como Instituto de Governança Social - IGS, que compreende:
a) capacitação de integrantes de Conselhos de Políticas Públicas Estaduais e Municipais, gestores governamentais e integrantes dos quadros das Associações e Fundações de Direito Privado, em tecnologia e métodos de gestão;
b) produção e difusão de conhecimento em tecnologias de gestão social, por meio da realização de pesquisas, elaboração de material didático e publicações temáticas relacionadas à gestão, governança e controle sociais;
c) assessoramento - via internet ou telefone - especialmente ao público especificado no item a) referente às temáticas alvo dos cursos e seminários.";Extinto;20071015;20110131;2008;1855338,96;1855338,96
Termos de Parceria;018/07;1501;Secretaria de Estado de Planejamento e Gestão;SEPLAG;Centro Mineiro de Alianças Intersetoriais;CEMAIS;08.415.255/0001-27;"Implantação e gestão de atividades denominadas como Instituto de Governança Social - IGS, que compreende:
a) capacitação de integrantes de Conselhos de Políticas Públicas Estaduais e Municipais, gestores governamentais e integrantes dos quadros das Associações e Fundações de Direito Privado, em tecnologia e métodos de gestão;
b) produção e difusão de conhecimento em tecnologias de gestão social, por meio da realização de pesquisas, elaboração de material didático e publicações temáticas relacionadas à gestão, governança e controle sociais;
c) assessoramento - via internet ou telefone - especialmente ao público especificado no item a) referente às temáticas alvo dos cursos e seminários.";Extinto;20071015;20110131;2009;3542146,66;3527380
Termos de Parceria;018/07;1501;Secretaria de Estado de Planejamento e Gestão;SEPLAG;Centro Mineiro de Alianças Intersetoriais;CEMAIS;08.415.255/0001-27;"Implantação e gestão de atividades denominadas como Instituto de Governança Social - IGS, que compreende:
a) capacitação de integrantes de Conselhos de Políticas Públicas Estaduais e Municipais, gestores governamentais e integrantes dos quadros das Associações e Fundações de Direito Privado, em tecnologia e métodos de gestão;
b) produção e difusão de conhecimento em tecnologias de gestão social, por meio da realização de pesquisas, elaboração de material didático e publicações temáticas relacionadas à gestão, governança e controle sociais;
c) assessoramento - via internet ou telefone - especialmente ao público especificado no item a) referente às temáticas alvo dos cursos e seminários.";Extinto;20071015;20110131;2010;2402919,85;2360383,55
Termos de Parceria;018/07;1501;Secretaria de Estado de Planejamento e Gestão;SEPLAG;Centro Mineiro de Alianças Intersetoriais;CEMAIS;08.415.255/0001-27;"Implantação e gestão de atividades denominadas como Instituto de Governança Social - IGS, que compreende:
a) capacitação de integrantes de Conselhos de Políticas Públicas Estaduais e Municipais, gestores governamentais e integrantes dos quadros das Associações e Fundações de Direito Privado, em tecnologia e métodos de gestão;
b) produção e difusão de conhecimento em tecnologias de gestão social, por meio da realização de pesquisas, elaboração de material didático e publicações temáticas relacionadas à gestão, governança e controle sociais;
c) assessoramento - via internet ou telefone - especialmente ao público especificado no item a) referente às temáticas alvo dos cursos e seminários.";Extinto;20071015;20110131;2011;928638,39;0
Termos de Parceria;019/08;1271;Secretaria de Estado de Cultura;SEC;Instituto Cultural Filarmônica;ICF;07.837.375/0001-50;Desenvolvimento de atividades culturais para a sociedade, voltadas para a difusão da música clássica, por meio da criação, estruturação e manutenção de uma nova orquestra sinfônica para o Estado de Minas Gerais, de natureza privada e sem fins lucrativos, que se denomina Orquestra Filarmônica de Minas Gerais.;Extinto;20080129;20181230;2008;15660713,6;12343271,8
Termos de Parceria;019/08;1271;Secretaria de Estado de Cultura;SEC;Instituto Cultural Filarmônica;ICF;07.837.375/0001-50;Desenvolvimento de atividades culturais para a sociedade, voltadas para a difusão da música clássica, por meio da criação, estruturação e manutenção de uma nova orquestra sinfônica para o Estado de Minas Gerais, de natureza privada e sem fins lucrativos, que se denomina Orquestra Filarmônica de Minas Gerais.;Extinto;20080129;20181230;2009;9845044,19;13033504,59
Termos de Parceria;019/08;1271;Secretaria de Estado de Cultura;SEC;Instituto Cultural Filarmônica;ICF;07.837.375/0001-50;Desenvolvimento de atividades culturais para a sociedade, voltadas para a difusão da música clássica, por meio da criação, estruturação e manutenção de uma nova orquestra sinfônica para o Estado de Minas Gerais, de natureza privada e sem fins lucrativos, que se denomina Orquestra Filarmônica de Minas Gerais.;Extinto;20080129;20181230;2010;15769760;15769760
Termos de Parceria;019/08;1271;Secretaria de Estado de Cultura;SEC;Instituto Cultural Filarmônica;ICF;07.837.375/0001-50;Desenvolvimento de atividades culturais para a sociedade, voltadas para a difusão da música clássica, por meio da criação, estruturação e manutenção de uma nova orquestra sinfônica para o Estado de Minas Gerais, de natureza privada e sem fins lucrativos, que se denomina Orquestra Filarmônica de Minas Gerais.;Extinto;20080129;20181230;2011;16806234,17;15971550,63
Termos de Parceria;019/08;1271;Secretaria de Estado de Cultura;SEC;Instituto Cultural Filarmônica;ICF;07.837.375/0001-50;Desenvolvimento de atividades culturais para a sociedade, voltadas para a difusão da música clássica, por meio da criação, estruturação e manutenção de uma nova orquestra sinfônica para o Estado de Minas Gerais, de natureza privada e sem fins lucrativos, que se denomina Orquestra Filarmônica de Minas Gerais.;Extinto;20080129;20181230;2012;16806234;16806232
Termos de Parceria;019/08;1271;Secretaria de Estado de Cultura;SEC;Instituto Cultural Filarmônica;ICF;07.837.375/0001-50;Desenvolvimento de atividades culturais para a sociedade, voltadas para a difusão da música clássica, por meio da criação, estruturação e manutenção de uma nova orquestra sinfônica para o Estado de Minas Gerais, de natureza privada e sem fins lucrativos, que se denomina Orquestra Filarmônica de Minas Gerais.;Extinto;20080129;20181230;2013;17280350,82;15875458,21
Termos de Parceria;019/08;1271;Secretaria de Estado de Cultura;SEC;Instituto Cultural Filarmônica;ICF;07.837.375/0001-50;Desenvolvimento de atividades culturais para a sociedade, voltadas para a difusão da música clássica, por meio da criação, estruturação e manutenção de uma nova orquestra sinfônica para o Estado de Minas Gerais, de natureza privada e sem fins lucrativos, que se denomina Orquestra Filarmônica de Minas Gerais.;Extinto;20080129;20181230;2014;22582879,16;22582859,15
Termos de Parceria;019/08;1271;Secretaria de Estado de Cultura;SEC;Instituto Cultural Filarmônica;ICF;07.837.375/0001-50;Desenvolvimento de atividades culturais para a sociedade, voltadas para a difusão da música clássica, por meio da criação, estruturação e manutenção de uma nova orquestra sinfônica para o Estado de Minas Gerais, de natureza privada e sem fins lucrativos, que se denomina Orquestra Filarmônica de Minas Gerais.;Extinto;20080129;20181230;2015;18257024,5;16737641,02
Termos de Parceria;019/08;1271;Secretaria de Estado de Cultura;SEC;Instituto Cultural Filarmônica;ICF;07.837.375/0001-50;Desenvolvimento de atividades culturais para a sociedade, voltadas para a difusão da música clássica, por meio da criação, estruturação e manutenção de uma nova orquestra sinfônica para o Estado de Minas Gerais, de natureza privada e sem fins lucrativos, que se denomina Orquestra Filarmônica de Minas Gerais.;Extinto;20080129;20181230;2016;18299408,02;18280082,67
Termos de Parceria;019/08;1271;Secretaria de Estado de Cultura;SEC;Instituto Cultural Filarmônica;ICF;07.837.375/0001-50;Desenvolvimento de atividades culturais para a sociedade, voltadas para a difusão da música clássica, por meio da criação, estruturação e manutenção de uma nova orquestra sinfônica para o Estado de Minas Gerais, de natureza privada e sem fins lucrativos, que se denomina Orquestra Filarmônica de Minas Gerais.;Extinto;20080129;20181230;2017;18298315,21;13203484,02
Termos de Parceria;019/08;1271;Secretaria de Estado de Cultura;SEC;Instituto Cultural Filarmônica;ICF;07.837.375/0001-50;Desenvolvimento de atividades culturais para a sociedade, voltadas para a difusão da música clássica, por meio da criação, estruturação e manutenção de uma nova orquestra sinfônica para o Estado de Minas Gerais, de natureza privada e sem fins lucrativos, que se denomina Orquestra Filarmônica de Minas Gerais.;Extinto;20080129;20181230;2018;18293837,15;20250000
Termos de Parceria;020/08;2091;Fundação Estadual do Meio Ambiente;FEAM;Ambiente Brasil Centro de Estudos;ABCDE;03.106.147/0001-59;Desenvolvimento do Programa Ambientação por meio do monitoramento e aperfeiçoamento nas instituições que o desenvolvem e implementação desse Programa em órgãos, entidades e edificações da administração pública de Minas Gerais.;Extinto;20080605;20130131;2008;499253,92;266577,16
Termos de Parceria;020/08;2091;Fundação Estadual do Meio Ambiente;FEAM;Ambiente Brasil Centro de Estudos;ABCDE;03.106.147/0001-59;Desenvolvimento do Programa Ambientação por meio do monitoramento e aperfeiçoamento nas instituições que o desenvolvem e implementação desse Programa em órgãos, entidades e edificações da administração pública de Minas Gerais.;Extinto;20080605;20130131;2009;1136315,38;1368992,14
Termos de Parceria;020/08;2091;Fundação Estadual do Meio Ambiente;FEAM;Ambiente Brasil Centro de Estudos;ABCDE;03.106.147/0001-59;Desenvolvimento do Programa Ambientação por meio do monitoramento e aperfeiçoamento nas instituições que o desenvolvem e implementação desse Programa em órgãos, entidades e edificações da administração pública de Minas Gerais.;Extinto;20080605;20130131;2010;1232907,17;1232907,17
Termos de Parceria;020/08;2091;Fundação Estadual do Meio Ambiente;FEAM;Ambiente Brasil Centro de Estudos;ABCDE;03.106.147/0001-59;Desenvolvimento do Programa Ambientação por meio do monitoramento e aperfeiçoamento nas instituições que o desenvolvem e implementação desse Programa em órgãos, entidades e edificações da administração pública de Minas Gerais.;Extinto;20080605;20130131;2011;1299970,08;1117289,09
Termos de Parceria;020/08;2091;Fundação Estadual do Meio Ambiente;FEAM;Ambiente Brasil Centro de Estudos;ABCDE;03.106.147/0001-59;Desenvolvimento do Programa Ambientação por meio do monitoramento e aperfeiçoamento nas instituições que o desenvolvem e implementação desse Programa em órgãos, entidades e edificações da administração pública de Minas Gerais.;Extinto;20080605;20130131;2012;1272745,05;1207284,68
Termos de Parceria;021/08;1481;Secretaria de Estado de Desenvolvimento Social;SEDESE;Instituto de Cooperação e Educação ao Desenvolvimento;INCED;25.466.087/0001-18;"Implementar e monitorar as ações do ""Programa Poupança Jovem"", no estado de Minas Gerais, visando a aumentar a taxa de conclusão do ensino médio, preparando os jovens para o ingresso na vida adulta e oferecendo a eles a oportunidade de desenvolvimento pessoal e social.";Extinto;20080606;20091231;2008;4922288,5;4341660,01
Termos de Parceria;021/08;1481;Secretaria de Estado de Desenvolvimento Social;SEDESE;Instituto de Cooperação e Educação ao Desenvolvimento;INCED;25.466.087/0001-18;"Implementar e monitorar as ações do ""Programa Poupança Jovem"", no estado de Minas Gerais, visando a aumentar a taxa de conclusão do ensino médio, preparando os jovens para o ingresso na vida adulta e oferecendo a eles a oportunidade de desenvolvimento pessoal e social.";Extinto;20080606;20091231;2009;17207554,34;10752223,89
Termos de Parceria;022/08;2091;Fundação Estadual do Meio Ambiente;FEAM;Fundação Israel Pinheiro;FIP;00.204.293/0001-29;Desenvolvimento de atividades do Programa Minas sem Lixões, principalmente aquelas de apoio e assessoramento aos municípios na questão da gestão municipal para os resíduos sólidos urbanos voltados para elevação do nível de salubridade e preservação ambiental, bem como apoio para coleta de informações para o desenvolvimento de novas propostas à política Estadual de meio ambiente pelo órgão estadual parceiro.;Extinto;20080806;20151231;2008;1192350;1117332
Termos de Parceria;022/08;2091;Fundação Estadual do Meio Ambiente;FEAM;Fundação Israel Pinheiro;FIP;00.204.293/0001-29;Desenvolvimento de atividades do Programa Minas sem Lixões, principalmente aquelas de apoio e assessoramento aos municípios na questão da gestão municipal para os resíduos sólidos urbanos voltados para elevação do nível de salubridade e preservação ambiental, bem como apoio para coleta de informações para o desenvolvimento de novas propostas à política Estadual de meio ambiente pelo órgão estadual parceiro.;Extinto;20080806;20151231;2009;3065287,94;3065287,94
Termos de Parceria;022/08;2091;Fundação Estadual do Meio Ambiente;FEAM;Fundação Israel Pinheiro;FIP;00.204.293/0001-29;Desenvolvimento de atividades do Programa Minas sem Lixões, principalmente aquelas de apoio e assessoramento aos municípios na questão da gestão municipal para os resíduos sólidos urbanos voltados para elevação do nível de salubridade e preservação ambiental, bem como apoio para coleta de informações para o desenvolvimento de novas propostas à política Estadual de meio ambiente pelo órgão estadual parceiro.;Extinto;20080806;20151231;2010;3822024,81;2890932,51
Termos de Parceria;022/08;2091;Fundação Estadual do Meio Ambiente;FEAM;Fundação Israel Pinheiro;FIP;00.204.293/0001-29;Desenvolvimento de atividades do Programa Minas sem Lixões, principalmente aquelas de apoio e assessoramento aos municípios na questão da gestão municipal para os resíduos sólidos urbanos voltados para elevação do nível de salubridade e preservação ambiental, bem como apoio para coleta de informações para o desenvolvimento de novas propostas à política Estadual de meio ambiente pelo órgão estadual parceiro.;Extinto;20080806;20151231;2011;3975162;3805380,6
Termos de Parceria;022/08;2091;Fundação Estadual do Meio Ambiente;FEAM;Fundação Israel Pinheiro;FIP;00.204.293/0001-29;Desenvolvimento de atividades do Programa Minas sem Lixões, principalmente aquelas de apoio e assessoramento aos municípios na questão da gestão municipal para os resíduos sólidos urbanos voltados para elevação do nível de salubridade e preservação ambiental, bem como apoio para coleta de informações para o desenvolvimento de novas propostas à política Estadual de meio ambiente pelo órgão estadual parceiro.;Extinto;20080806;20151231;2012;5190178,7;4930505,94
Termos de Parceria;022/08;2091;Fundação Estadual do Meio Ambiente;FEAM;Fundação Israel Pinheiro;FIP;00.204.293/0001-29;Desenvolvimento de atividades do Programa Minas sem Lixões, principalmente aquelas de apoio e assessoramento aos municípios na questão da gestão municipal para os resíduos sólidos urbanos voltados para elevação do nível de salubridade e preservação ambiental, bem como apoio para coleta de informações para o desenvolvimento de novas propostas à política Estadual de meio ambiente pelo órgão estadual parceiro.;Extinto;20080806;20151231;2013;4403872,11;3904962,06
Termos de Parceria;022/08;2091;Fundação Estadual do Meio Ambiente;FEAM;Fundação Israel Pinheiro;FIP;00.204.293/0001-29;Desenvolvimento de atividades do Programa Minas sem Lixões, principalmente aquelas de apoio e assessoramento aos municípios na questão da gestão municipal para os resíduos sólidos urbanos voltados para elevação do nível de salubridade e preservação ambiental, bem como apoio para coleta de informações para o desenvolvimento de novas propostas à política Estadual de meio ambiente pelo órgão estadual parceiro.;Extinto;20080806;20151231;2014;3974069,91;3902263,9
Termos de Parceria;022/08;2091;Fundação Estadual do Meio Ambiente;FEAM;Fundação Israel Pinheiro;FIP;00.204.293/0001-29;Desenvolvimento de atividades do Programa Minas sem Lixões, principalmente aquelas de apoio e assessoramento aos municípios na questão da gestão municipal para os resíduos sólidos urbanos voltados para elevação do nível de salubridade e preservação ambiental, bem como apoio para coleta de informações para o desenvolvimento de novas propostas à política Estadual de meio ambiente pelo órgão estadual parceiro.;Extinto;20080806;20151231;2015;1123846,82;697108,31
Termos de Parceria;023/08;1261;Secretaria de Estado de Educação;SEE;Instituto Cultural Sérgio Magnani;ICSM;06.922.630/0001-08;Contribuir para o desenvolvimento do protagonismo juvenil em Minas Gerais por meio de implantação e gestão administrativa e pedagógica do Plug in Minas - Centro Jovem de Artes, Esportes e Cultura Digital;Extinto;20081016;20151231;2008;314914,23;314914,23
Termos de Parceria;023/08;1261;Secretaria de Estado de Educação;SEE;Instituto Cultural Sérgio Magnani;ICSM;06.922.630/0001-08;Contribuir para o desenvolvimento do protagonismo juvenil em Minas Gerais por meio de implantação e gestão administrativa e pedagógica do Plug in Minas - Centro Jovem de Artes, Esportes e Cultura Digital;Extinto;20081016;20151231;2009;2891380,2;2398001,05
Termos de Parceria;023/08;1261;Secretaria de Estado de Educação;SEE;Instituto Cultural Sérgio Magnani;ICSM;06.922.630/0001-08;Contribuir para o desenvolvimento do protagonismo juvenil em Minas Gerais por meio de implantação e gestão administrativa e pedagógica do Plug in Minas - Centro Jovem de Artes, Esportes e Cultura Digital;Extinto;20081016;20151231;2010;7220000;5294311,89
Termos de Parceria;023/08;1261;Secretaria de Estado de Educação;SEE;Instituto Cultural Sérgio Magnani;ICSM;06.922.630/0001-08;Contribuir para o desenvolvimento do protagonismo juvenil em Minas Gerais por meio de implantação e gestão administrativa e pedagógica do Plug in Minas - Centro Jovem de Artes, Esportes e Cultura Digital;Extinto;20081016;20151231;2011;8130000;7229999,54
Termos de Parceria;023/08;1261;Secretaria de Estado de Educação;SEE;Instituto Cultural Sérgio Magnani;ICSM;06.922.630/0001-08;Contribuir para o desenvolvimento do protagonismo juvenil em Minas Gerais por meio de implantação e gestão administrativa e pedagógica do Plug in Minas - Centro Jovem de Artes, Esportes e Cultura Digital;Extinto;20081016;20151231;2012;8126000;7018288,2
Termos de Parceria;023/08;1261;Secretaria de Estado de Educação;SEE;Instituto Cultural Sérgio Magnani;ICSM;06.922.630/0001-08;Contribuir para o desenvolvimento do protagonismo juvenil em Minas Gerais por meio de implantação e gestão administrativa e pedagógica do Plug in Minas - Centro Jovem de Artes, Esportes e Cultura Digital;Extinto;20081016;20151231;2013;8059246,72;6534923,75
Termos de Parceria;023/08;1261;Secretaria de Estado de Educação;SEE;Instituto Cultural Sérgio Magnani;ICSM;06.922.630/0001-08;Contribuir para o desenvolvimento do protagonismo juvenil em Minas Gerais por meio de implantação e gestão administrativa e pedagógica do Plug in Minas - Centro Jovem de Artes, Esportes e Cultura Digital;Extinto;20081016;20151231;2014;8200000;8200000
Termos de Parceria;023/08;1261;Secretaria de Estado de Educação;SEE;Instituto Cultural Sérgio Magnani;ICSM;06.922.630/0001-08;Contribuir para o desenvolvimento do protagonismo juvenil em Minas Gerais por meio de implantação e gestão administrativa e pedagógica do Plug in Minas - Centro Jovem de Artes, Esportes e Cultura Digital;Extinto;20081016;20151231;2015;7699999,99;8834374,49
Termos de Parceria;024/09;1451;Secretaria de Estado de Defesa Social;SEDS;Terra da Sobriedade- Associação de Atenção à Dependência Química;TS;05.353.498/0001-90;A implantação e a gestão de atividades relacionadas ao programa “PAPO LEGAL: Diálogos Comunitários para a Prevenção ao Uso e Abuso de Drogas” no Estado de Minas Gerais, integrando e fortalecendo uma rede social de prevenção ao uso e abuso de drogas por meio de articulação de representantes de instituições governamentais e de organizações da sociedade civil. ;Extinto;20090319;20141231;2009;2044177;1868176,59
Termos de Parceria;024/09;1451;Secretaria de Estado de Defesa Social;SEDS;Terra da Sobriedade- Associação de Atenção à Dependência Química;TS;05.353.498/0001-90;A implantação e a gestão de atividades relacionadas ao programa “PAPO LEGAL: Diálogos Comunitários para a Prevenção ao Uso e Abuso de Drogas” no Estado de Minas Gerais, integrando e fortalecendo uma rede social de prevenção ao uso e abuso de drogas por meio de articulação de representantes de instituições governamentais e de organizações da sociedade civil. ;Extinto;20090319;20141231;2010;1681085;1681085
Termos de Parceria;024/09;1451;Secretaria de Estado de Defesa Social;SEDS;Terra da Sobriedade- Associação de Atenção à Dependência Química;TS;05.353.498/0001-90;A implantação e a gestão de atividades relacionadas ao programa “PAPO LEGAL: Diálogos Comunitários para a Prevenção ao Uso e Abuso de Drogas” no Estado de Minas Gerais, integrando e fortalecendo uma rede social de prevenção ao uso e abuso de drogas por meio de articulação de representantes de instituições governamentais e de organizações da sociedade civil. ;Extinto;20090319;20141231;2011;950000;845000
Termos de Parceria;024/09;1451;Secretaria de Estado de Defesa Social;SEDS;Terra da Sobriedade- Associação de Atenção à Dependência Química;TS;05.353.498/0001-90;A implantação e a gestão de atividades relacionadas ao programa “PAPO LEGAL: Diálogos Comunitários para a Prevenção ao Uso e Abuso de Drogas” no Estado de Minas Gerais, integrando e fortalecendo uma rede social de prevenção ao uso e abuso de drogas por meio de articulação de representantes de instituições governamentais e de organizações da sociedade civil. ;Extinto;20090319;20141231;2012;1348331,32;1574088,22
Termos de Parceria;024/09;1451;Secretaria de Estado de Defesa Social;SEDS;Terra da Sobriedade- Associação de Atenção à Dependência Química;TS;05.353.498/0001-90;A implantação e a gestão de atividades relacionadas ao programa “PAPO LEGAL: Diálogos Comunitários para a Prevenção ao Uso e Abuso de Drogas” no Estado de Minas Gerais, integrando e fortalecendo uma rede social de prevenção ao uso e abuso de drogas por meio de articulação de representantes de instituições governamentais e de organizações da sociedade civil. ;Extinto;20090319;20141231;2013;1461692,11;1235935,2
Termos de Parceria;024/09;1451;Secretaria de Estado de Defesa Social;SEDS;Terra da Sobriedade- Associação de Atenção à Dependência Química;TS;05.353.498/0001-90;A implantação e a gestão de atividades relacionadas ao programa “PAPO LEGAL: Diálogos Comunitários para a Prevenção ao Uso e Abuso de Drogas” no Estado de Minas Gerais, integrando e fortalecendo uma rede social de prevenção ao uso e abuso de drogas por meio de articulação de representantes de instituições governamentais e de organizações da sociedade civil. ;Extinto;20090319;20141231;2014;1840664,78;1716145,68
Termos de Parceria;025/09;1531;Secretaria de Estado de Esportes e da Juventude;SEEJ;Inst. Bras. p/ o des. Do Esporte, Educação e Cultura;IBDEEC;08.335.313/0001-02;Execução do Programa Minas Olímpica - Jogos Escolares de Minas Gerais, visando o aperfeiçoamento da gestão dos jogos, o aprimoramento do esporte escolar e a melhoria do nível  técnico dos participantes.;Extinto;20090318;20101231;2009;3640626,01;3640626,01
Termos de Parceria;025/09;1531;Secretaria de Estado de Esportes e da Juventude;SEEJ;Inst. Bras. p/ o des. Do Esporte, Educação e Cultura;IBDEEC;08.335.313/0001-02;Execução do Programa Minas Olímpica - Jogos Escolares de Minas Gerais, visando o aperfeiçoamento da gestão dos jogos, o aprimoramento do esporte escolar e a melhoria do nível  técnico dos participantes.;Extinto;20090318;20101231;2010;3900500;3900500
Termos de Parceria;026/09;1531;Secretaria de Estado de Esportes e da Juventude;SEEJ;Inst. De Gestão Organizacional e Tec Aplicada;IGETEC;04.714.793/0001-61;Execução do Programa Minas Olímpica JIMI-Jogos do Interior de Minas Gerais, visando o aperfeiçoamento da gestão dos jogos e a melhoria do nível técnico dos participantes.;Extinto;20090406;20101231;2009;2031068,72;2003199,68
Termos de Parceria;026/09;1531;Secretaria de Estado de Esportes e da Juventude;SEEJ;Inst. De Gestão Organizacional e Tec Aplicada;IGETEC;04.714.793/0001-61;Execução do Programa Minas Olímpica JIMI-Jogos do Interior de Minas Gerais, visando o aperfeiçoamento da gestão dos jogos e a melhoria do nível técnico dos participantes.;Extinto;20090406;20101231;2010;2389000;1571809,18
Termos de Parceria;027/09;1481;Secretaria de Estado de Desenvolvimento Social;SEDESE;Centro Mineiro de Alianças Intersetoriais;CEMAIS;08.415.255/0001-27;Desenvolvimento, implantação e execução do Programa de Inclusão de Jovens – ProJovem Urbano nos municípios do Estado de Minas Gerais, compreendendo ainda as atividades de  formação de educadores, gerenciamento e monitoramento das atividades pedagógicas.;Extinto;20090630;20110430;2009;30029756;9241800
Termos de Parceria;027/09;1481;Secretaria de Estado de Desenvolvimento Social;SEDESE;Centro Mineiro de Alianças Intersetoriais;CEMAIS;08.415.255/0001-27;Desenvolvimento, implantação e execução do Programa de Inclusão de Jovens – ProJovem Urbano nos municípios do Estado de Minas Gerais, compreendendo ainda as atividades de  formação de educadores, gerenciamento e monitoramento das atividades pedagógicas.;Extinto;20090630;20110430;2010;38741141,97;34736540,84
Termos de Parceria;027/09;1481;Secretaria de Estado de Desenvolvimento Social;SEDESE;Centro Mineiro de Alianças Intersetoriais;CEMAIS;08.415.255/0001-27;Desenvolvimento, implantação e execução do Programa de Inclusão de Jovens – ProJovem Urbano nos municípios do Estado de Minas Gerais, compreendendo ainda as atividades de  formação de educadores, gerenciamento e monitoramento das atividades pedagógicas.;Extinto;20090630;20110430;2011;14952208,65;2438494,7
Termos de Parceria;028/10;2091;Fundação Estadual do Meio Ambiente;FEAM;Ambiente Brasil Centro de Estudos;ABCDE;03.106.147/0001-59;Desenvolvimento de atividades do Programa Centro Mineiro de Referência em Resíduos - CMRR, principalmente aquelas de estímulo ao empreendedorismo, minimização do impacto ambiental, fomento e apoio para coleta seletiva nos municípios, orientação para a gestão eficiente dos resíduos, fomento e disseminação do conhecimento sobre processos ambientalmente sustentáveis e promoção da inclusão social.;Extinto;20100618;20111231;2010;120000;120000
Termos de Parceria;028/10;2091;Fundação Estadual do Meio Ambiente;FEAM;Ambiente Brasil Centro de Estudos;ABCDE;03.106.147/0001-59;Desenvolvimento de atividades do Programa Centro Mineiro de Referência em Resíduos - CMRR, principalmente aquelas de estímulo ao empreendedorismo, minimização do impacto ambiental, fomento e apoio para coleta seletiva nos municípios, orientação para a gestão eficiente dos resíduos, fomento e disseminação do conhecimento sobre processos ambientalmente sustentáveis e promoção da inclusão social.;Extinto;20100618;20111231;2011;268800;134400
Termos de Parceria;029/11;1531;Secretaria de Estado de Esportes e da Juventude;SEEJ;Inst. Bras. p/ o des. Do Esporte, Educação e Cultura;IBDEEC;08.335.313/0001-02;Execução dos Programas Minas Olímpica Jogos Escolares de Minas Gerais – JEMG e Minas Olímpica Jogos do Interior de Minas – JIMI, visando o aperfeiçoamento da gestão dos jogos, o aprimoramento do esporte escolar e a melhoria do nível técnico dos participantes, nos anos de 2011 e 2012.;Extinto;20101229;20121231;2011;6496000;6496003
Termos de Parceria;029/11;1531;Secretaria de Estado de Esportes e da Juventude;SEEJ;Inst. Bras. p/ o des. Do Esporte, Educação e Cultura;IBDEEC;08.335.313/0001-02;Execução dos Programas Minas Olímpica Jogos Escolares de Minas Gerais – JEMG e Minas Olímpica Jogos do Interior de Minas – JIMI, visando o aperfeiçoamento da gestão dos jogos, o aprimoramento do esporte escolar e a melhoria do nível técnico dos participantes, nos anos de 2011 e 2012.;Extinto;20101229;20121231;2012;6070000;6030723,64
Termos de Parceria;030/10;1501;Secretária de Estado de Planejamento e Gestão;SEPLAG;Instituto Travessia;IT;09.435.748/0001-91;"Desenvolvimento e a estruturação de metodologia para a implantação, bem como o gerenciamento e execução, dos projetos do Programa Oficinas de Travessia, quais sejam: a) Porta a Porta; b) Escola Travessia; c) Professores da Família; d) Cidadania desde o Primeiro Dia; e) Currículo do Trabalhador; f) Com licença Vou à Luta; g) Escola Mineira de Habitação Popular; e, h) Rede Mineira de Inclusão de Jovens i) Agenda Mineira de Metas Sociais (AMMS). Estes projetos serão implantados e executados em nove municípios de Minas Gerais, sendo quatro da região metropolitana de Belo Horizonte e outros cinco municípios mais pobres do Estado.";Extinto;20101213;20111231;2010;240000;240000
Termos de Parceria;030/10;1501;Secretária de Estado de Planejamento e Gestão;SEPLAG;Instituto Travessia;IT;09.435.748/0001-91;"Desenvolvimento e a estruturação de metodologia para a implantação, bem como o gerenciamento e execução, dos projetos do Programa Oficinas de Travessia, quais sejam: a) Porta a Porta; b) Escola Travessia; c) Professores da Família; d) Cidadania desde o Primeiro Dia; e) Currículo do Trabalhador; f) Com licença Vou à Luta; g) Escola Mineira de Habitação Popular; e, h) Rede Mineira de Inclusão de Jovens i) Agenda Mineira de Metas Sociais (AMMS). Estes projetos serão implantados e executados em nove municípios de Minas Gerais, sendo quatro da região metropolitana de Belo Horizonte e outros cinco municípios mais pobres do Estado.";Extinto;20101213;20111231;2011;6704326,4;6402624,48
Termos de Parceria;031/11;1501;Secretaria de Estado de Planejamento e Gestão;SEPLAG;Instituto Travessia;IT;09.435.748/0001-91;Melhoria do atendimento do público alvo da Fundação Educacional Caio Martins, por meio de reestruturação técnica, bem como pela estruturação de estudos psicossociais dos alunos, avaliação dos profissionais, programas de capacitação voltados aos trabalhadores, proposta metodológica e realização de atividades complementares a escola regular.;Extinto;20110512;20111231;2011;1125143,23;1119649,47
Termos de Parceria;032/12;1271;Secretaria de Estado de Cultura;SEC;Instituto Cultural Sérgio Magnani;ICSM;06.922.630/0001-08;Gestão compartilhada do Circuito Cultural Praça da Liberdade / Arte e Conhecimento, promovendo ações de comunicação, promoção de eventos, captação e geração de recursos e gestão estratégica de longo prazo do Circuito.;Extinto;20120623;20150319;2012;3522719,01;1629316,61
Termos de Parceria;032/12;1271;Secretaria de Estado de Cultura;SEC;Instituto Cultural Sérgio Magnani;ICSM;06.922.630/0001-08;Gestão compartilhada do Circuito Cultural Praça da Liberdade / Arte e Conhecimento, promovendo ações de comunicação, promoção de eventos, captação e geração de recursos e gestão estratégica de longo prazo do Circuito.;Extinto;20120623;20150319;2013;5933527,71;5464525,27
Termos de Parceria;032/12;1271;Secretaria de Estado de Cultura;SEC;Instituto Cultural Sérgio Magnani;ICSM;06.922.630/0001-08;Gestão compartilhada do Circuito Cultural Praça da Liberdade / Arte e Conhecimento, promovendo ações de comunicação, promoção de eventos, captação e geração de recursos e gestão estratégica de longo prazo do Circuito.;Extinto;20120623;20150319;2014;5333527,714;4757709,37
Termos de Parceria;032/12;1271;Secretaria de Estado de Cultura;SEC;Instituto Cultural Sérgio Magnani;ICSM;06.922.630/0001-08;Gestão compartilhada do Circuito Cultural Praça da Liberdade / Arte e Conhecimento, promovendo ações de comunicação, promoção de eventos, captação e geração de recursos e gestão estratégica de longo prazo do Circuito.;Extinto;20120623;20150319;2015;4563101,91;291342,54
Termos de Parceria;033/13;2091;Fundação Estadual do Meio Ambiente ;FEAM;Fundação Israel Pinheiro ;FIP;00.204.293/0001-29;Promover a manutenção, ampliar, monitorar e aperfeiçoar o Programa Ambientação dando continuidade ao processo de implantação, operação e melhoria contínua em instituições visando à redução na geração de resíduos, a segregação de materiais potencialmente recicláveis como papel, plástico, metal e vidro e redução no consumo de água, energia elétrica e papel A4, por meio de ações de mobilização, instrumentos de comunicação, formação, capacitação e acompanhamento das comissões setoriais, estabelecimento e monitoramento de metas e indicadores.;Extinto;20130319;20151231;2013;1176870,55;1176868,24
Termos de Parceria;033/13;2091;Fundação Estadual do Meio Ambiente ;FEAM;Fundação Israel Pinheiro ;FIP;00.204.293/0001-29;Promover a manutenção, ampliar, monitorar e aperfeiçoar o Programa Ambientação dando continuidade ao processo de implantação, operação e melhoria contínua em instituições visando à redução na geração de resíduos, a segregação de materiais potencialmente recicláveis como papel, plástico, metal e vidro e redução no consumo de água, energia elétrica e papel A4, por meio de ações de mobilização, instrumentos de comunicação, formação, capacitação e acompanhamento das comissões setoriais, estabelecimento e monitoramento de metas e indicadores.;Extinto;20130319;20151231;2014;1177917,72;1147589,06
Termos de Parceria;033/13;2091;Fundação Estadual do Meio Ambiente ;FEAM;Fundação Israel Pinheiro ;FIP;00.204.293/0001-29;Promover a manutenção, ampliar, monitorar e aperfeiçoar o Programa Ambientação dando continuidade ao processo de implantação, operação e melhoria contínua em instituições visando à redução na geração de resíduos, a segregação de materiais potencialmente recicláveis como papel, plástico, metal e vidro e redução no consumo de água, energia elétrica e papel A4, por meio de ações de mobilização, instrumentos de comunicação, formação, capacitação e acompanhamento das comissões setoriais, estabelecimento e monitoramento de metas e indicadores.;Extinto;20130319;20151231;2015;665503,85;571096,85
Termos de Parceria;034/13;1501;Secretaria de Estado de Planejamento e Gestão;SEPLAG;Instituto Qualidade Minas ;IQM;05.093.424/0001-61;Desenvolvimento de atividades para implementar e disseminar o Modelo de Excelência da Gestão – MEG, da Fundação Nacional da Qualidade – FNQ, nas empresas, organizações e municípios mineiros, visando aumentar a competitividade destas e contribuir para o desenvolvimento econômico e social do Estado de Minas Gerais.;Extinto;20130528;20140831;2013;2271737,43;714799,9
Termos de Parceria;034/13;1501;Secretaria de Estado de Planejamento e Gestão;SEPLAG;Instituto Qualidade Minas ;IQM;05.093.424/0001-61;Desenvolvimento de atividades para implementar e disseminar o Modelo de Excelência da Gestão – MEG, da Fundação Nacional da Qualidade – FNQ, nas empresas, organizações e municípios mineiros, visando aumentar a competitividade destas e contribuir para o desenvolvimento econômico e social do Estado de Minas Gerais.;Extinto;20130528;20140831;2014;15659,93;1691239,09
Termos de Parceria;035/16;1691;Secretaria de Estado de Segurança Pública;SESP;Instituto Jurídico para Efetivação da Cidadania;IJUCI;03.893.350/0001-12;Execução em co-gestão da Política Estadual de Prevenção Social à Criminalidade, viabilizando o desenvolvimento das Unidades e Programas de Prevenção Social à Criminalidade definidas pela SEDS/CPEC.;Extinto;20160420;20170731;2016;20451659,95;20451659,95
Termos de Parceria;035/16;1691;Secretaria de Estado de Segurança Pública;SESP;Instituto Jurídico para Efetivação da Cidadania;IJUCI;03.893.350/0001-12;Execução em co-gestão da Política Estadual de Prevenção Social à Criminalidade, viabilizando o desenvolvimento das Unidades e Programas de Prevenção Social à Criminalidade definidas pela SEDS/CPEC.;Extinto;20160420;20170731;2017;11312906,64;6528342,82
Termos de Parceria;036/16;2181;Fundação Clóvis Salgado;FCS;Associação Pró-Cultura e Promoção das Artes;APPA;70.945.209/0001-03;Realizar ações que potencializem a formação oferecida pelo CEFART, em especial apoio à formação e extensão do curso de Música (CMUS), apoio à formação e extensão do curso de Dança (CDAN), apoio à formação e extensão do curso de Teatro (CTEA), apoio às ações do Núcleo de Pesquisa em Artes Cênicas (NUPAC), apoio à formação complementar nas tecnologias do espetáculo (FORTES) e apoio à formação artística diferenciada, em consonância com as diretrizes de formação que são estabelecidas e acompanhadas pela Diretoria do Centro de Formação Artística e Tecnológica – CEFART, da Fundação Clóvis Salgado.;Extinto;20160617;20170615;2016;1561177,51;1126189,48
Termos de Parceria;036/16;2181;Fundação Clóvis Salgado;FCS;Associação Pró-Cultura e Promoção das Artes;APPA;70.945.209/0001-03;Realizar ações que potencializem a formação oferecida pelo CEFART, em especial apoio à formação e extensão do curso de Música (CMUS), apoio à formação e extensão do curso de Dança (CDAN), apoio à formação e extensão do curso de Teatro (CTEA), apoio às ações do Núcleo de Pesquisa em Artes Cênicas (NUPAC), apoio à formação complementar nas tecnologias do espetáculo (FORTES) e apoio à formação artística diferenciada, em consonância com as diretrizes de formação que são estabelecidas e acompanhadas pela Diretoria do Centro de Formação Artística e Tecnológica – CEFART, da Fundação Clóvis Salgado.;Extinto;20160617;20170615;2017;100752,4823;60718,95
Termos de Parceria;037/16;2181;Fundação Clóvis Salgado;FCS;Associação Pró-Cultura e Promoção das Artes;APPA;70.945.209/0001-03;Apoiar as políticas públicas culturais desenvolvidas pela Diretoria de Programação Artística da Fundação Clóvis Salgado, em especial apoio às ações de artes visuais, de cinema e realização de eventos artísticos.;Extinto;20160617;20170615;2016;1992077,909;1491917,62
Termos de Parceria;037/16;2181;Fundação Clóvis Salgado;FCS;Associação Pró-Cultura e Promoção das Artes;APPA;70.945.209/0001-03;Apoiar as políticas públicas culturais desenvolvidas pela Diretoria de Programação Artística da Fundação Clóvis Salgado, em especial apoio às ações de artes visuais, de cinema e realização de eventos artísticos.;Extinto;20160617;20170615;2017;492209,2842;886432,91
Termos de Parceria;038/16;2181;Fundação Clóvis Salgado;FCS;Associação Pró-Cultura e Promoção das Artes;APPA;70.945.209/0001-03;Apoiar às realizações da Fundação Clóvis Salgado que envolvam a participação da Orquestra Sinfônica de Minas Gerais – OSMG, do Coral Lírico de Minas Gerais – CLMG e da Cia de Dança Palácio das Artes – CDPA, de acordo com o direcionamento da Diretoria de Produção Artística.;Extinto;20160730;20170129;2016;2846070,54;2846070,54
Termos de Parceria;038/16;2181;Fundação Clóvis Salgado;FCS;Associação Pró-Cultura e Promoção das Artes;APPA;70.945.209/0001-03;Apoiar às realizações da Fundação Clóvis Salgado que envolvam a participação da Orquestra Sinfônica de Minas Gerais – OSMG, do Coral Lírico de Minas Gerais – CLMG e da Cia de Dança Palácio das Artes – CDPA, de acordo com o direcionamento da Diretoria de Produção Artística.;Extinto;20160730;20170129;2017;653919,4029;198030,86
Termos de Parceria;039/16;1701;Secretaria de Estado Extraordinária de Desenvolvimento Integrado e Fóruns Regionais;SEEDIF;Instituto Elo;IELO;07.514.913/0001-75;Auxiliar na concepção metodológica, divulgação, execução e avaliação das atividades de mobilização e mecanismos de participação popular desenvolvidas pelo Governo do Estado de Minas Gerais, com enfoque nas relacionadas aos Fóruns Regionais de Governo, instituídos pelo Decreto nº 46.774 de 9 de Junho de 2015.;Extinto;20161001;20170815;2017;1745896,4;927674,1866
Termos de Parceria;040/17;1671;Secretaria de Estado de Esportes;SEESP;Federação de Esportes Estudantis de Minas Gerais;FEEMG;04.070.420/0001-03;Realização dos Jogos Escolares de Minas Gerais – JEMG para desenvolver o esporte educacional com o intuito de proporcionar, através da prática esportiva, o aperfeiçoamento de capacidades e habilidades indispensáveis ao processo de formação e de desenvolvimento humano dos estudantes do estado de Minas Gerais, por meio do fomento à pratica de modalidades esportivas coletivas e individuais e para atletas com deficiência de diversos municípios.;Extinto;20170328;20180328;2017;3909551,52;2954191,53
Termos de Parceria;040/17;1671;Secretaria de Estado de Esportes;SEESP;Federação de Esportes Estudantis de Minas Gerais;FEEMG;04.070.420/0001-03;Realização dos Jogos Escolares de Minas Gerais – JEMG para desenvolver o esporte educacional com o intuito de proporcionar, através da prática esportiva, o aperfeiçoamento de capacidades e habilidades indispensáveis ao processo de formação e de desenvolvimento humano dos estudantes do estado de Minas Gerais, por meio do fomento à pratica de modalidades esportivas coletivas e individuais e para atletas com deficiência de diversos municípios.;Extinto;20170328;20180328;2018;142789,31;669781,38
Termos de Parceria;041/17;2181;Fundação Clóvis Salgado;FCS;Associação Pró-Cultura e Promoção das Artes;APPA;70.945.209/0001-03;Apoio às realizações da Fundação Clóvis Salgado que envolvam a participação da Orquestra Sinfônica de Minas Gerais - OSMG, do Coral Lírico de minas Gerais - CLMG e da Cia de Dança Palácio das Artes - CDPA, de acordo com o direcionamento da Diretoria de Produção Artística.;Extinto;20170623;20191231;2017;2177701,51;2177701,51
Termos de Parceria;041/17;2181;Fundação Clóvis Salgado;FCS;Associação Pró-Cultura e Promoção das Artes;APPA;70.945.209/0001-03;Apoio às realizações da Fundação Clóvis Salgado que envolvam a participação da Orquestra Sinfônica de Minas Gerais - OSMG, do Coral Lírico de minas Gerais - CLMG e da Cia de Dança Palácio das Artes - CDPA, de acordo com o direcionamento da Diretoria de Produção Artística.;Extinto;20170623;20191231;2018;2825368,12;2825368,12
Termos de Parceria;041/17;2181;Fundação Clóvis Salgado;FCS;Associação Pró-Cultura e Promoção das Artes;APPA;70.945.209/0001-03;Apoio às realizações da Fundação Clóvis Salgado que envolvam a participação da Orquestra Sinfônica de Minas Gerais - OSMG, do Coral Lírico de minas Gerais - CLMG e da Cia de Dança Palácio das Artes - CDPA, de acordo com o direcionamento da Diretoria de Produção Artística.;Extinto;20170623;20191231;2019;2156812,09;2156812,09
Termos de Parceria;042/17;2181;Fundação Clóvis Salgado;FCS;Associação Pró-Cultura e Promoção das Artes;APPA;70.945.209/0001-03;Apoio à política pública cultural desenvolvida pela Fundação Clóvis Salgado relativas às Artes Visuais, ao Audiovisual e aos Eventos Culturais Artísticos, de acordo com o direcionamento da Diretoria de Programação Artística.;Extinto;20170623;20191231;2017;2091134,001;2091134,005
Termos de Parceria;042/17;2181;Fundação Clóvis Salgado;FCS;Associação Pró-Cultura e Promoção das Artes;APPA;70.945.209/0001-03;Apoio à política pública cultural desenvolvida pela Fundação Clóvis Salgado relativas às Artes Visuais, ao Audiovisual e aos Eventos Culturais Artísticos, de acordo com o direcionamento da Diretoria de Programação Artística.;Extinto;20170623;20191231;2018;2287969,316;2287969,318
Termos de Parceria;042/17;2181;Fundação Clóvis Salgado;FCS;Associação Pró-Cultura e Promoção das Artes;APPA;70.945.209/0001-03;Apoio à política pública cultural desenvolvida pela Fundação Clóvis Salgado relativas às Artes Visuais, ao Audiovisual e aos Eventos Culturais Artísticos, de acordo com o direcionamento da Diretoria de Programação Artística.;Extinto;20170623;20191231;2019;1678254,12;1678254,12
Termos de Parceria;043/17;2181;Fundação Clóvis Salgado;FCS;Associação Pró-Cultura e Promoção das Artes;APPA;70.945.209/0001-03;Realizar ações que potencializem a formação oferecida pelo CEFART, em especial (1) apoio à formação e extensão da Escola de Artes Visuais, (2) apoio à formação e extensão da Escola de Dança, (3) apoio à formação e extensão da Escola de Música, (4) apoio à formação e extensão da Escola de Teatro, (5) apoio à formação e extensão da Escola de Tecnologia do Espetáculo, (6) apoio à formação e pesquisa do Programa de Residência em Pesquisas Artísticas, (7) apoio às ações culturais formativas e de extensão, (8) apoio à formação artístico-pedagógica diferenciada e (9) apoio às ações do Centro Técnico de Produção, sempre em consonância com as diretrizes de formação que são estabelecidas e acompanhadas pela Diretoria do Centro de Formação Artística e Tecnológica – CEFART, da Fundação Clóvis Salgado.;Extinto;20170623;20191231;2017;935931,38;935930,78
Termos de Parceria;043/17;2181;Fundação Clóvis Salgado;FCS;Associação Pró-Cultura e Promoção das Artes;APPA;70.945.209/0001-03;Realizar ações que potencializem a formação oferecida pelo CEFART, em especial (1) apoio à formação e extensão da Escola de Artes Visuais, (2) apoio à formação e extensão da Escola de Dança, (3) apoio à formação e extensão da Escola de Música, (4) apoio à formação e extensão da Escola de Teatro, (5) apoio à formação e extensão da Escola de Tecnologia do Espetáculo, (6) apoio à formação e pesquisa do Programa de Residência em Pesquisas Artísticas, (7) apoio às ações culturais formativas e de extensão, (8) apoio à formação artístico-pedagógica diferenciada e (9) apoio às ações do Centro Técnico de Produção, sempre em consonância com as diretrizes de formação que são estabelecidas e acompanhadas pela Diretoria do Centro de Formação Artística e Tecnológica – CEFART, da Fundação Clóvis Salgado.;Extinto;20170623;20191231;2018;1321364,53;1321364,53
Termos de Parceria;043/17;2181;Fundação Clóvis Salgado;FCS;Associação Pró-Cultura e Promoção das Artes;APPA;70.945.209/0001-03;Realizar ações que potencializem a formação oferecida pelo CEFART, em especial (1) apoio à formação e extensão da Escola de Artes Visuais, (2) apoio à formação e extensão da Escola de Dança, (3) apoio à formação e extensão da Escola de Música, (4) apoio à formação e extensão da Escola de Teatro, (5) apoio à formação e extensão da Escola de Tecnologia do Espetáculo, (6) apoio à formação e pesquisa do Programa de Residência em Pesquisas Artísticas, (7) apoio às ações culturais formativas e de extensão, (8) apoio à formação artístico-pedagógica diferenciada e (9) apoio às ações do Centro Técnico de Produção, sempre em consonância com as diretrizes de formação que são estabelecidas e acompanhadas pela Diretoria do Centro de Formação Artística e Tecnológica – CEFART, da Fundação Clóvis Salgado.;Extinto;20170623;20191231;2019;944239,79;944239,79
Termos de Parceria;044/17;1691;Secretaria de Estado de Segurança Pública;SESP;Instituto Elo;IELO;07.514.913/0001-75;Co-execução de ações da Política Estadual de Prevenção Social à Criminalidade, propiciando o desenvolvimento das atividades das Unidades e dos Programas de Prevenção Social à Criminalidade definidos pela SESP/SUPEC.;Extinto;20171206;20190211;2017;8078845,04;0
Termos de Parceria;044/17;1691;Secretaria de Estado de Segurança Pública;SESP;Instituto Elo;IELO;07.514.913/0001-75;Co-execução de ações da Política Estadual de Prevenção Social à Criminalidade, propiciando o desenvolvimento das atividades das Unidades e dos Programas de Prevenção Social à Criminalidade definidos pela SESP/SUPEC.;Extinto;20171206;20190211;2018;38765571,29;33291766,98
Termos de Parceria;045/17;2201;Instituto Estadual do Patrimônio Histórico e Artístico de Minas Gerais;IEPHA;Associação Pró-Cultura e Promoção das Artes;APPA;70.945.209/0001-03;realização de ações de requalificação e promoção do patrimônio cultural acautelado pelo Estado, de forma a garantir a apropriação e fruição pela sociedade dos conteúdos e dos edifícios da Fazenda Boa Esperança (Belo Vale) e do Palácio da Liberdade (Belo Horizonte), em articulação com a Praça da Liberdade, os edifícios públicos inseridos no perímetro protegido e os equipamentos culturais do Circuito Liberdade.;Extinto;20171230;20203103;2018;2134311,11;1431669,53
Termos de Parceria;045/17;2201;Instituto Estadual do Patrimônio Histórico e Artístico de Minas Gerais;IEPHA;Associação Pró-Cultura e Promoção das Artes;APPA;70.945.209/0001-03;realização de ações de requalificação e promoção do patrimônio cultural acautelado pelo Estado, de forma a garantir a apropriação e fruição pela sociedade dos conteúdos e dos edifícios da Fazenda Boa Esperança (Belo Vale) e do Palácio da Liberdade (Belo Horizonte), em articulação com a Praça da Liberdade, os edifícios públicos inseridos no perímetro protegido e os equipamentos culturais do Circuito Liberdade.;Extinto;20171230;20203103;2019;1203666,3;1203666,3
Termos de Parceria;046/18;1671;Secretaria de Estado de Esportes;SEESP;Federação de Esportes Estudantis de Minas Gerais;FEEMG;04.070.420/0001-03;Realização dos Jogos Escolares de Minas Gerais – JEMG para desenvolver o esporte educacional com o intuito de proporcionar, através da prática esportiva, o aperfeiçoamento de capacidades e habilidades indispensáveis ao processo de formação e de desenvolvimento humano dos estudantes do estado de Minas Gerais, por meio do fomento à pratica de modalidades esportivas coletivas e individuais e para atletas com deficiência de diversos municípios;Extinto;20180210;20191231;2018;4020126,02;4020126,02
Termos de Parceria;046/18;1671;Secretaria de Estado de Esportes;SEESP;Federação de Esportes Estudantis de Minas Gerais;FEEMG;04.070.420/0001-03;Realização dos Jogos Escolares de Minas Gerais – JEMG para desenvolver o esporte educacional com o intuito de proporcionar, através da prática esportiva, o aperfeiçoamento de capacidades e habilidades indispensáveis ao processo de formação e de desenvolvimento humano dos estudantes do estado de Minas Gerais, por meio do fomento à pratica de modalidades esportivas coletivas e individuais e para atletas com deficiência de diversos municípios;Extinto;20180210;20191231;2019;3739596,97;3739596,96
Termos de Parceria;047/18;1701;Secretaria de Estado Extraordinária de Desenvolvimento Integrado e Fóruns Regionais;SEEDIF;Instituto Elo;IELO;07.514.913/0001-75;Auxiliar na concepção metodológica, divulgação, execução e avaliação das atividades de mobilização e mecanismos de participação popular desenvolvidas pelo Governo do Estado de Minas Gerais, com enfoque nas relacionadas aos Fóruns Regionais de Governo, instituídos pelo Decreto nº 46.774 de 9 de Junho de 2015.;Extinto;20180410;20181130;2018;630113,2;630113,2
Termos de Parceria;048/18;2091;Fundação Estadual do Meio Ambiente;FEAM;Instituto de Gestão de Políticas Sociais;GESOIS;07.571.815/0001-70;Apoio à FEAM na execução da política pública de gestão de Resíduos Sólidos Urbanos (RSU), em consonância com as Políticas Nacional e Estadual de Resíduos Sólidos, visando a melhoria da qualidade de vida da população mineira e ambiental do Estado.;Extinto;20180503;20200302;2018;2082966,8;2082966,8
Termos de Parceria;048/18;2091;Fundação Estadual do Meio Ambiente;FEAM;Instituto de Gestão de Políticas Sociais;GESOIS;07.571.815/0001-70;Apoio à FEAM na execução da política pública de gestão de Resíduos Sólidos Urbanos (RSU), em consonância com as Políticas Nacional e Estadual de Resíduos Sólidos, visando a melhoria da qualidade de vida da população mineira e ambiental do Estado.;Extinto;20180503;20200302;2019;1500000;1269589,53
Termos de Parceria;049/20;1481;Secretaria de Estado de Desenvolvimento Social;SEDESE;Federação de Esportes Estudantis de Minas Gerais;FEEMG;04.070.420/0001-03;A realização dos Jogos Escolares de Minas Gerais – JEMG e o fomento ao desporto e paradesporto escolar.;Vigente;20200307;20220306;2020;3715941,7;0
